Question,Answer
<p>SPG</p>,<p>Sicherheitspolizeigesetz</p>
<p>Wie unterteilt die Verfassung unter objektivem Recht gewährleistete Rechte?</p>,<p>Nach Adressatenkreis in Staatsbürgerrechte und Menschenrechte</p>
<p>Drittwirkung der Grundrechte</p>,"<ul><li>Durch Trennung von Staat und Gesellschaft gibt es <strong>keine Drittwirkung</strong></li><li>Grundrechte gelten nur gegen den Staat, nicht Mensch gegen Mensch</li><li>Ausnahmen:</li><li class=""ql-indent-1"">gesetzlich angeordnete Drittwirkungen (z.B.: Datenschutzgesetz)</li><li class=""ql-indent-1"">Grundrechte mit staatlicher Schutzpflicht (Recht auf Leben)</li><li class=""ql-indent-1"">Mittelbare Drittwirkung im Zivilrecht (Auslegung, Sittenklauseln)</li></ul>"
<p>Wo werden über Verstöße gegen Grundrechte entschieden?</p>,<p>OGH</p>
<p>Wo werden in der Regel über Verstöße gegen subjektives Recht entschieden?</p>,<p>im VfGH</p>
<p>Wie wird der Schutzbereich eines Grundrechts festgelegt?</p>,"<p>Die Verfassung die ein Grundrecht normiert, legt den Schutzbereich mit dem Wortlaut des Verfassungstextes fest. Diese Begriffe sind allerdings auslegungsbedürftig (z.&nbsp;B.: Eigentumsfreiheit hat den Schutzbereich ""Eigentum"")</p>"
"<p><span style=""background-color: rgb(40, 45, 88); color: rgb(238, 236, 246);"">Grundrechtsquellen: Einzelne Grundrechte in Staatsverträgen</span></p>",<ul><li>Rechte der Minderheiten</li><li>Religionsfreiheit</li></ul>
"<p><span style=""background-color: rgb(40, 45, 88); color: rgb(238, 236, 246);"">Grundrechtsquellen: Grundrechte in einfachen Gesetzen</span></p>",<ul><li>Recht auf Zivildienst</li><li>Recht auf Datenschutz</li></ul>
<p>Grundrechtsquellen: Grundrechte im B-VG</p>,<ul><li>Gleichheitssatz</li><li>Gesetzlicher Richter</li><li>Recht der Richter auf Unabhängigkeit</li><li>Recht der Gemeinden auf Selbstverwaltung</li></ul>
<p>Grundrechtsquellen</p>,<p>Quellen:</p><ul><li>Grundrechtskataloge</li><li>Grundrechtsgesetze</li><li>Grundrechte im B-VG</li><li>Grundrechte in einfachen Gesetzen</li><li>Einzelne Grundrechte in Staatsverträgen</li></ul>
<p>Grundrechtsquellen: Grundrechtsgesetze</p><p><br></p>,<ul><li>Hausrechts Gesetz </li><li>Beschluss der provisorischen Nationalversammlung über die Aufhebung der Zensur 1918</li><li>PersFrG (Bundesverfassungsgesetz zum Schutz der persönlichen Freiheit)</li></ul>
<p>Grundrechtsquellen: Grundrechtskataloge</p><p><br></p>,<ul><li>StGG 1867</li><li>EMRK + ZP</li><li>BVG Kinderrechte</li><li>EU Grundrechtecharta</li></ul><p><br></p>
<p>Schutz gegen Gesetzgebung und Vollziehung</p>,"<ul><li>Grundrechte schützen gegen Staat und Staatsgewalt</li><li>Schützen auch gegen den Gesetzgeber</li><li class=""ql-indent-1"">Gegen einfachen Bundesgesetzgeber</li><li class=""ql-indent-1"">Gegen Landesverfassungsgesetzgeber</li><li class=""ql-indent-1"">Gegen einfachen Landesgesetzgeber</li><li class=""ql-indent-1"">Gegen die staatl. Vollziehung (Verwaltung und Gerichtsbarkeit)</li><li><strong>Aber: </strong>Bundesverfassungsgesetze können Grundrechte einschränken. (z.&nbsp;B.: Wehrpflicht für Männer widerspricht dem Gleichheitssatz, ist aber durch B-VG diskriminierend festgelegt) </li></ul>"
<p>Objektives Recht</p>,<p>Mensch hat keinen durchsetzbaren Anspruch auf Einhaltung der Gesetze</p>
<p>Subjektives Recht</p>,"<ul><li>Grundrechte sind gegen den Staat durchsetzbare Individualrechte</li><li>Mensch hat Anspruch auf Einhaltung der Gesetze (Verwaltung, Gerichtsbarkeit, Gesetzgebung verfolgen Verletzung der Grundrechte)</li></ul>"
<p>Grundrechte</p>,<p>Alle den Menschen durch formelle Verfassungsgesetze gewährleistete Recht</p>
<p>Geschichte der Grund- und Freiheitsrechte</p>,<p><strong>1789</strong>: Deklaration der Menschen- und Bürgerrechte</p><p><strong>1867</strong>: Staatsgrundgesetz (Dezemberverfassung) </p><p><strong>1948</strong>: Allgemeine Erklärung der Menschenrechte</p><p><strong>1950</strong>: Europäische Menschenrechtskonvention</p><p><br></p>
<p>Wachkörper</p>,"<ul><li>Bewaffnete Formationen (<a href=""https://www.jusline.at/gesetz/b-vg/paragraf/artikel78d"" rel=""noopener noreferrer"" target=""_blank"">Art. 78d Abs. 1 B-VG</a>)</li><li class=""ql-indent-1"">Bundespolizei: <strong>Bund</strong></li><li class=""ql-indent-1"">Justizwache: <strong>Bund</strong></li><li class=""ql-indent-1"">Gemeindewachkörper: <strong>Gemeinde</strong></li><li>Organisation und Führung der Bundespolizei und die Org. sonstiger Wachkörper (Ausnahme: Gemeindewachkörper) ist Bundessache</li></ul>"
<p>Sicherheitsbehörden des Bundes</p>,"<ul><li><a href=""https://www.jusline.at/gesetz/b-vg/paragraf/artikel78a"" rel=""noopener noreferrer"" target=""_blank"">Art. 78a-c B-VG</a> richten die Sicherheitsbehörden ein</li><li><a href=""https://www.jusline.at/gesetz/spg/paragraf/2"" rel=""noopener noreferrer"" target=""_blank"">§&nbsp;2 Abs. 2 SPG</a> definiert Aufgaben der Sicherheitsverwaltung</li><li>2/3 Ebenen:</li><li class=""ql-indent-1""><span style=""background-color: rgb(40, 45, 88); color: rgb(238, 236, 246);"">BM für Inneres</span></li><li class=""ql-indent-1"">Landespolizeidirektion </li><li class=""ql-indent-1"">Bezirksverwaltungsbehörde</li><li>Mischform aus mittelbarer und unmittelbarer Bundesverwaltung, weil auf unterer Ebene teilweise Bezirksverwaltungsbehörden als Landesbehörden eingebunden sind</li><li>Bundesheer: militärische Formation des Bundes, zählt zur unmittelbaren Bundesverwaltung</li></ul>"
"<p><span style=""background-color: rgb(40, 45, 88); color: rgb(238, 236, 246);"">Sicherheitsbehörden: </span>Bezirksverwaltungsbehörde</p><p><br></p>",<ul><li>Bezirkshauptmannschaft/Bürgermeister besorgt prinzipiell Sicherheitsverwaltung auf Bundesebene</li><li>Als Verwaltungsbehörde aber nicht auf Sicherheitsaufgaben spezialisiert.</li></ul>
"<p><span style=""background-color: rgb(40, 45, 88); color: rgb(238, 236, 246);"">Sicherheitsbehörden: Landespolizeidirektion</span></p>","<p>(<a href=""https://www.jusline.at/gesetz/b-vg/paragraf/artikel78b"" rel=""noopener noreferrer"" target=""_blank"" style=""color: rgb(105, 122, 180); background-color: rgba(0, 0, 0, 0);"">Art. 78b Abs. 1 B-VG</a>) für jedes Bundesland:</p><ul><li>Landespolizeidirektor weisungsgebunden an BM</li><li class=""ql-indent-1"">BM muss jede wichtige Weisung an den LH mitteilen</li><li class=""ql-indent-1"">BM kann Landespolizeidirektor nur mit Einvernehmen des LH bestellen</li><li><a href=""https://www.jusline.at/gesetz/b-vg/paragraf/artikel78c"" rel=""noopener noreferrer"" target=""_blank"">Art. 78c B-VG</a> ermächtigt einfachen Bundesgesetzgeber die Landespolizeidirektion zur Sicherheitsbehörde 1. Instanz zu bestimmen, <a href=""https://www.jusline.at/gesetz/spg/paragraf/8"" rel=""noopener noreferrer"" target=""_blank"">§&nbsp;8 SPG</a> legt dafür einige Gebiete fest.</li></ul><p><br></p>"
<p>Sicherheitsbehörden: BM für Inneres</p>,"<p>(<a href=""https://www.jusline.at/gesetz/b-vg/paragraf/artikel78a"" rel=""noopener noreferrer"" target=""_blank"" style=""background-color: rgba(0, 0, 0, 0); color: rgb(105, 122, 180);"">Art. 78a Abs. 1 B-VG</a>): Generaldirektion für öffentliche Sicherheit sorgt für Sicherheitsverwaltung</p>"
<p>Abgabebehörden</p>,"<ul><li>Auftragsverwaltung des Bundes: für nicht-hoheitliche Verwaltung ist theoretisch nur der BM zuständig (z.&nbsp;B.: Bundesvermögen, Geschäfte des Bundes)</li><li>BM kann einzelne Geschäfte durch hoheitlichen Auftrag dem LH übertragen (<a href=""https://www.jusline.at/gesetz/b-vg/paragraf/artikel104"" rel=""noopener noreferrer"" target=""_blank"">Art. 104 Abs. 2</a>) </li></ul>"
<p>Unmittelbare Bundesverwaltung</p>,"<p><span style=""background-color: rgb(40, 45, 88); color: rgb(238, 236, 246);"">(</span><a href=""https://www.jusline.at/gesetz/b-vg/paragraf/artikel102"" rel=""noopener noreferrer"" target=""_blank"" style=""background-color: rgb(40, 45, 88); color: rgb(105, 122, 180);"">Art. 102 Abs. 2 B-VG</a><span style=""background-color: rgb(40, 45, 88); color: rgb(238, 236, 246);"">)</span></p><ul><li>Ausnahme</li><li>Bund erledigt Aufgaben durch eigene Bundesbehörden</li><li>Bund darf dennoch mittelbare Bundesverwaltung nutzen </li><li>Mit Zustimmung der Länder, darf Bund auch Materien regeln, die nicht in Art. 102 Abs. 2 stehen (<a href=""https://www.jusline.at/gesetz/b-vg/paragraf/artikel102"" rel=""noopener noreferrer"" target=""_blank"">Art. 102 Abs. 4 B-VG</a>)</li></ul>"
<p>Mittelbare Bundesverwaltung</p>,"<p>(<a href=""https://www.jusline.at/gesetz/b-vg/paragraf/artikel102"" rel=""noopener noreferrer"" target=""_blank"">Art. 102 Abs. 1 B-VG</a>)</p><ul><li>Das oberste Organ ist ein BM (oder der BK), als funktionelles und organisatorisches Organ des Bundes</li><li>Das mittlere Organ ist der Landeshauptmann (als Einzelorgan). </li><li class=""ql-indent-1"">Organisatorisch ein Landesorgan, funktionell aber im Auftrag des Bundes</li><li class=""ql-indent-1"">An Weisungen des BM gebunden</li><li class=""ql-indent-1"">Amt: Amt der Landesregierung</li><li>Das untere Organ ist die Bezirksverwaltungsbehörde</li><li class=""ql-indent-1"">Organwalter (Bezirkshauptmann/Bürgermeister) an Weisung des LH gebunden (In Bundesverwaltung, sonst an Landesregierung)</li><li class=""ql-indent-1"">Amt: Bezirkshauptmannschaft/Magistrat</li><li>Unterste Organe: Gemeindeorgane</li></ul>"
"<p><span style=""background-color: rgb(40, 45, 88); color: rgb(238, 236, 246);"">Staatssekretäre </span></p>","<ul><li><span style=""color: rgb(238, 236, 246); background-color: rgb(40, 45, 88);"">Werden zwar in Art. 19 B-VG als oberste Organe der Verwaltung genannt, sind jedoch BM unterstellt und weisungsgebunden (</span><a href=""https://www.jusline.at/gesetz/b-vg/paragraf/artikel78"" rel=""noopener noreferrer"" target=""_blank"" style=""color: rgb(238, 236, 246); background-color: rgb(40, 45, 88);"">Art. 78 Abs. 3 B-VG</a><span style=""color: rgb(238, 236, 246); background-color: rgb(40, 45, 88);"">)</span></li><li><span style=""color: rgb(238, 236, 246); background-color: rgb(40, 45, 88);"">Aufgabe ist Unterstützung und Vertretung des BM, sie sind nicht Teil der Bundesregierung</span></li></ul>"
<p>Ämter der Bundesregierung</p>,<ul><li>Bundeskanzleramt für BK</li><li>Bundesministerien für die BM</li></ul>
"<p>Bundesregierung: <span style=""background-color: rgb(40, 45, 88); color: rgb(238, 236, 246);"">BK, VK und BMs als Einzelorgane</span></p>","<ul><li>Oberste Organe der Verwaltung (<a href=""https://www.jusline.at/gesetz/b-vg/paragraf/artikel19"" rel=""noopener noreferrer"" target=""_blank"">Art. 19 B-VG</a>)</li><li>BM für Finanzen und für Inneres sind in der Verfassung, andere werden durch Bundesministeriengesetz 1986 bestimmt</li></ul>"
"<p><span style=""background-color: rgb(40, 45, 88); color: rgb(238, 236, 246);"">Bundesregierung </span>als Kollegialorgan</p>","<ul><li>= Ministerrat</li><li>Beschlüsse müssen einstimmig sein</li><li>Aufgabe sind Regierungsakte wie</li><li class=""ql-indent-1"">Vorschläge an BP (<a href=""https://www.jusline.at/gesetz/b-vg/paragraf/artikel67"" rel=""noopener noreferrer"" target=""_blank"">Art. 67 Abs. 1 B-VG</a>)</li><li class=""ql-indent-1"">Gesetzesvorlagen an das Parlament (<a href=""https://www.jusline.at/gesetz/b-vg/paragraf/artikel41"" rel=""noopener noreferrer"" target=""_blank"">Art. 41 Abs. 1 B-VG</a>)</li><li class=""ql-indent-1"">Vorschläge für Ernennung von Verfassungsrichtern (<a href=""https://www.jusline.at/gesetz/b-vg/paragraf/artikel147"" rel=""noopener noreferrer"" target=""_blank"">Art. 147 Abs. 2 B-VG</a>)</li></ul>"
<p>Zusammensetzung der Bundesregierung</p>,"<ul><li>Besteht aus BK, Vizekanzler und Bundesministern (<a href=""https://www.jusline.at/gesetz/b-vg/paragraf/artikel19"" rel=""noopener noreferrer"" target=""_blank"" style=""background-color: rgba(0, 0, 0, 0); color: rgb(105, 122, 180);"">Art. 19 Abs. 1 B-VG</a>,<a href=""https://www.jusline.at/gesetz/b-vg/paragraf/artikel69"" rel=""noopener noreferrer"" target=""_blank"" style=""background-color: rgba(0, 0, 0, 0); color: rgb(105, 122, 180);""> Art. 69 Abs. 1 B-VG</a>)</li></ul><p><br></p>"
<p>Landesverwaltung unterhalb der Regierung</p>,"<ul><li>Landesverwaltung in Verwaltungssprengel territorial gegliedert</li><li>Land in Bezirke gegliedert, 2 Arten</li><li class=""ql-indent-1""><strong>Bezirk</strong>, der mehrere Gemeinden erfasst</li><li class=""ql-indent-1""><strong>Statutarstadt</strong>, die alleine ein Bezirk ist</li><li>Bezirksverwaltungsbehörden</li><li class=""ql-indent-1"">Bezirkshauptmann (monokratisch), Amt: Bezirkshauptmannschaft</li><li class=""ql-indent-1"">Bürgermeister, Amt: Magistrat</li></ul>"
"<p>Landesverwaltung: Landesregierung (Zuständigkeit, Zusammensetzung, Entscheidungsfindung, Wahl, Regierungsart, Amt)</p>","<ul><li>Oberstes Organ der Landesverwaltung, zuständig für hoheitliche (<a href=""https://www.jusline.at/gesetz/b-vg/paragraf/artikel11"" rel=""noopener noreferrer"" target=""_blank"">Art. 11-15 B-VG</a>) und nicht hoheitliche (<a href=""https://www.jusline.at/gesetz/b-vg/paragraf/artikel17"" rel=""noopener noreferrer"" target=""_blank"">Art. 17 B-VG</a>) Verwaltung</li><li>Besteht aus Landeshauptmann und weiteren Landesräten  (<a href=""https://www.jusline.at/gesetz/b-vg/paragraf/artikel101"" rel=""noopener noreferrer"" target=""_blank"">Art. 101 B-VG</a>)</li><li>Entscheidet als Kollegialorgan, Landesräte können teilweise auch als Einzelorgane tätig werden (Ämter der Landesregierungen)</li><li>Parlamentarisches System: Landtag wählt Regierung</li><li>Meist Mehrheitsregierung, außer in OÖ, NÖ und W ? Proporzregierung=Konzentrationsregierung</li><li>Amt der Landesregierung: Hilfsapparat der Regierung <strong><em>und </em></strong>des Landeshauptmanns.</li></ul>"
<p>Sicherheitsverwaltung</p>,"<p>Sicherheitsbehörden des Bundes (<a href=""https://www.jusline.at/gesetz/b-vg/paragraf/artikel78a"" rel=""noopener noreferrer"" target=""_blank"">Art. 78a-c B-VG</a>)</p>"
<p>Ortspolizei</p>,"<ul><li>Örtliche Verwaltungspolizei und örtliche Sicherheitspolizei gemeinsam</li><li>bei gesetzlicher Lücke zur Beseitigung konkreter Gefahren und Missstände, wenn diese das ""örtliche Gemeinschaftsleben"" stören </li><li>Gemeinde darf gesetzesergänzende Verordnungen erlassen (ortspolizeiliche Verordnungen <a href=""https://www.jusline.at/gesetz/b-vg/paragraf/artikel118"" rel=""noopener noreferrer"" target=""_blank"">Art. 118 Abs. 6 B-VG</a>)</li></ul>"
<p>Örtliche Sicherheitspolizei</p>,<p>Aus dem Kompetenztatbestand ausgenommen ? Aufteilung in überörtliche und örtliche Sicherheitspolizei</p>
<p>Sicherheitspolizei</p>,"<p><a href=""https://www.jusline.at/gesetz/b-vg/paragraf/artikel10"" rel=""noopener noreferrer"" target=""_blank"" style=""color: rgb(105, 122, 180); background-color: rgb(40, 45, 88);"">Art. 10 Abs. 1 Z. 7 B-VG</a> Aufrechterhaltung der öffentlichen Ruhe, Ordnung und Sicherheit (soweit keiner konkreten Sachmaterie zugewiesen)</p>"
<p>Örtliche Verwaltungspolizei</p>,"<ul><li>Alle in <a href=""https://www.jusline.at/gesetz/b-vg/paragraf/artikel10"" rel=""noopener noreferrer"" target=""_blank"" style=""color: rgb(105, 122, 180); background-color: rgb(40, 45, 88);"">Art. 10-15 B-VG</a> enthaltenen Angelegenheiten der Verwaltungspolizei, die im <em>örtlichen Interesse</em> gelegen sind, fallen in den Wirkungsbereich der Gemeinden</li></ul>"
<p>Verwaltungspolizei</p>,"<ul><li>Staatliches Handeln zur Abwehr und Beseitigung konkreter Gefahren und Missstände</li><li>Annexmaterie zu den Kompetenzen in <a href=""https://www.jusline.at/gesetz/b-vg/paragraf/artikel10"" rel=""noopener noreferrer"" target=""_blank"">Art. 10-15 B-VG</a></li></ul>"
<p>Allgemeine staatliche Verwaltung (Aufstellung in Bund und Ländern)</p>,"<ul><li>Allzuständigkeit der Staatsgewalt, erledigt von allgemeinen staatlichen Verwaltungsorganen</li><li>der Länder: </li><li class=""ql-indent-1"">Bezirksverwaltungsbehörden (1. Instanz) </li><li class=""ql-indent-1"">Landesregierungen (2. Instanz)</li><li>der Bund:</li><li class=""ql-indent-1"">Bezirksverwaltungsbehörden (1. Instanz)</li><li class=""ql-indent-1"">Landeshauptmann (2. Instanz)</li><li class=""ql-indent-1"">Bundesminister (3. Instanz) </li></ul>"
<p>Weisungsfreie Vollziehung</p>,"<ul><li>Unabhängige <strong>Richter </strong>(Art. 87 Abs. 1 B-VG)</li><li>weisungsfreier Teil der <strong>Justizverwaltung </strong>(Art. 87 Abs. 2 B-VG): Richtersenate und Kommissionen</li><li><strong>Gemeindeselbstverwaltung</strong>: Gemeinderat und Bürgermeister.</li><li class=""ql-indent-1"">Weisungsfrei, unterliegen nur Aufsicht der Bundes/Landesbehörden.</li><li>Einfacher Bundes/Landesgesetzgeber kann weitere Verwaltungsorgane bei Rechtfertigung weisungsfrei stellen (Art. 20 Abs. 2 B-VG)</li></ul>"
<p>Organ</p>,"<p>Abstrakt, dem Organ sind <strong>Organzuständigkeiten </strong>zugeordnet, diese sind teil der Zuständigkeit der <strong>Organisation</strong></p>"
"<p><span style=""background-color: rgb(40, 45, 88); color: rgb(238, 236, 246);"">Verwaltungshandeln: </span>Privatrechtliches Handeln </p>",<p>Gebietskörperschaften können als juristische Personen auch privatrechtlich handeln -&gt; Fiskalverwaltung</p>
"<p><span style=""background-color: rgb(40, 45, 88); color: rgb(238, 236, 246);"">Verwaltungshandeln: </span>Schlicht-hoheitliches Handeln</p>","<p>Hoheitliches Handeln, dass nicht auf dem Erlass von Rechtsnormen beruht.</p><ul><li>Polizeistreife</li><li>Verkehrskontrolle</li><li>Urkundenausstellung</li><li>Auskunft durch Behörde</li></ul>"
"<p><span style=""background-color: rgb(40, 45, 88); color: rgb(238, 236, 246);"">Verwaltungshandeln: </span>Maßnahme</p>","<ul><li>Ausübung unmittelbarer verwaltungsbehördlicher Befehls- und Zwangsgewalt</li><li class=""ql-indent-1"">individueller Akt direkt auf gesetzlicher Grundlage z.B.: Festnahme</li><li>Wird wie Rechtsnorm mit Zwang durchgesetzt.</li><li>Anfechtung ungerechter Behandlung nicht möglich (anders als bei individueller Rechtsnorm = Bescheid) ? Rechtsschutzlücke ? Maßnahmebeschwerde vor Verwaltungsgericht (<a href=""https://www.jusline.at/gesetz/b-vg/paragraf/artikel130"" rel=""noopener noreferrer"" target=""_blank"">Art. 130 Abs. 1 Z. 1 B-VG</a>, <a href=""https://www.jusline.at/gesetz/b-vg/paragraf/artikel132"" rel=""noopener noreferrer"" target=""_blank"">Art. 132 Abs. 2 B-VG</a>)</li></ul>"
<p>Verwaltungsverordnung</p>,"<ul><li>Wirkt nach innen, regelt die interne Verwaltungsorganisation</li><li>muss nicht kundgemacht werden (Abgrenzung zur Weisung schweirig)</li></ul>"
<p>Rechtsverordnung</p>,<ul><li>Wirkt nach außen</li><li>Legt Rechte und Pflichten für Bürger fest</li></ul>
"<p><span style=""background-color: rgb(40, 45, 88); color: rgb(238, 236, 246);"">Ortspolizeiliche Verordnung</span></p>","<ul><li>Von Gemeinden erlassen <span style=""background-color: rgb(40, 45, 88); color: rgb(238, 236, 246);"">(Art. 118 Abs. 6)</span></li><li class=""ql-indent-1""><span style=""background-color: rgb(40, 45, 88); color: rgb(238, 236, 246);"">im eigenen Wirkungsbereich</span></li><li class=""ql-indent-1"">nur zur Abwehr drohender oder bestehender Missstände</li><li class=""ql-indent-1"">dürfen nicht gegen Bundes- oder Landesrecht verstoßen</li></ul>"
"<p><span style=""background-color: rgb(40, 45, 88); color: rgb(238, 236, 246);"">Selbständige Verordnung</span></p>","<ul><li>Ergehen unmittelbar aus Bundesverfassung (ohne weitere Gesetze)</li><li>Gesetzesergänzend, gesetzesvertretend oder gesetzesändernd.</li></ul><p><br></p>"
"<p><span style=""background-color: rgba(0, 0, 0, 0); color: rgb(226, 148, 20);"">Durchführungsverordnung </span></p><p><br></p>","<p><span style=""background-color: rgb(40, 45, 88); color: rgb(238, 236, 246);"">Präzisiert ein Gesetz (Art. 18 Abs. 2 B-VG)</span></p>"
<p>Arten von Verordnungen</p>,"<ul><li><span style=""background-color: rgb(40, 45, 88); color: rgb(238, 236, 246);"">Durchführungsverordnung </span></li><li><span style=""background-color: rgb(40, 45, 88); color: rgb(238, 236, 246);"">Selbständige Verordnung</span></li><li>Ortspolizeiliche Verordnung</li><li>Rechtsverordnung</li><li>Verwaltungsverordnung</li></ul>"
"<p><span style=""background-color: rgb(40, 45, 88); color: rgb(238, 236, 246);"">Verwaltungshandeln: Verordnung</span></p>",<ul><li>Verfassungsbegriff (Art. 139 B-VG)</li><li>Generelle (abstrakte oder konkrete) Anordnung einer Verwaltungsbehörde</li><li>Erst mit Kundmachung gültig</li></ul>
<p>Arten von Bescheiden</p>,"<ul><li><strong>Leistungsbescheid</strong>: ordnet Tun oder Unterlassen an, <strong>vollstreckbar</strong></li><li><strong>Gestaltungsbescheid</strong>: Gestaltet eine Rechtslage neu, <strong>nicht vollstreckbar</strong></li><li><strong>Feststellungsbescheid</strong>: verbindliche Feststellung einer unklaren Rechtslage, <strong>nicht vollstreckbar</strong></li></ul>"
<p>Verwaltungshandeln: Bescheid</p>,"<ul><li>Verfassungsbegriff (Art. 130 Abs. 1, Art. 132 Abs. 1 B-VG)</li><li>3 formale Merkmale (nicht vorhanden: Absolut nichtig)</li><li class=""ql-indent-1"">es muss eine Verwaltungsbehörde handeln</li><li class=""ql-indent-1"">es muss an einen individuelle Adressaten gerichtet sein</li><li class=""ql-indent-1"">es muss eine behördliche Anordnung enthalten</li><li>Gesetzgeber kann weitere Merkmale hinzufügen, Auswirkung des Fehlens legt Gesetzgeber fest (z.B.: relativ nichtig)</li></ul>"
<p>Formen des Verwaltungshandelns</p>,<ul><li>Bescheid</li><li>Verordnung</li><li>Maßnahme</li><li>Schlicht-hoheitliches Handeln</li><li>(Verwaltungsrechtlicher Vertrag)</li><li>Privatrechtliches Handeln</li></ul>
<p>Approbationsbefugnis</p>,"<ul><li>Innerbehördliches Mandat</li><li>Organwalter kann Aufgaben an das Amt übertragen</li><li>Approbationsbefugte Beamte können damit ""im Auftrag"" der Behörde Bescheide oder Verordnungen erlassen, der Organwalter ist jedoch immer weisungsbefugt.</li></ul>"
<p>Amt</p>,"<p>Einer Behörde zugeordneter bürokratischer Hilfsapparat, handelt nicht selbst hoheitlich. </p>"
<p>Behörde</p>,<p>Verwaltungsorgane mit Rechtssetzungsbefugnissen (handeln hoheitlich)</p>
<p>Leitung</p>,<p><strong>Aufsicht: </strong>ex post - nach der Handlung</p><ul><li>Rechtsaufsicht: gesetzmäßig</li><li>Zweckaufsicht: zweckmäßig</li></ul><p><strong>Weisung: </strong>ex ante - vor der Handlung</p>
<p>Verwaltungsaufgabe</p>,<p>Staatliche Aufgabe der Verwaltung einer Gebietskörperschaft</p>
<p>Staatliche Aufgabe</p><p><br></p>,"<p><span style=""background-color: rgb(40, 45, 88); color: rgb(238, 236, 246);"">Öffentliche Aufgabe, die der Gesetzgeber dem Staat zuweist</span></p>"
<p>Aufgabe</p>,"<ul><li>Organisation <strong>soll</strong> in einer Sache handeln</li><li class=""ql-indent-1"">Pflichtaufgabe: muss Handeln</li><li class=""ql-indent-1"">öffentliche Aufgabe: im Interesse der Allgemeinheit</li></ul><p><br></p>"
<p>Zuständigkeit</p>,<p>Die <strong>Möglichkeit</strong> einer Organisation in einer Sache zu handeln</p>
"<p>Organwalter (Definition, Zuordnung, Arten)</p>","<ul><li>Den abstrakten Organen werden konkrete Menschen zugeordnet. </li><li>Gesetzessprache verwendet Organ und Organwalter oft synonym</li><li>Immer einer Gebietskörperschaft zugeordnet</li><li>Arten (Gesamtbegriff <strong>öffentliche Bedienstete</strong>)</li><li class=""ql-indent-1"">Beamte = ernannte berufsmäßige Organe</li><li class=""ql-indent-1"">Vertragsbedienstete = vertraglich bestellte Organe</li></ul>"
<p>Organisation</p>,"<p>Abstrakte Konstrukte der Rechtsordnung denen bestimmte Aufgaben zukommen, bestehen meist aus vielen Organen</p><ul><li>z.B.: Gebietskörperschaft, Verwaltungsorganisation, Gerichtsorganisation</li></ul><p><br></p>"
<p>Wie wird mit Widersprüchen in Grundrechtsquellen umgegangen? </p>,"<p>Dasselbe Grundrecht kann an verschiedenen Stellen der Verfassungsordnung verankert sein. Widersprüche sind nach den Regeln der <strong style=""background-color: rgba(0, 0, 0, 0); color: rgb(226, 148, 20);"">Derogation </strong>aufzulösen.</p><p><br></p><p><br></p>"
"<p><span style=""background-color: rgb(34, 38, 74); color: rgb(238, 236, 246);"">Wachkörper: </span><span style=""background-color: rgb(40, 45, 88); color: rgb(238, 236, 246);"">Gemeindewachkörper </span></p>","<ul><li><a href=""https://www.jusline.at/gesetz/b-vg/paragraf/artikel118"" rel=""noopener noreferrer"" target=""_blank"" style=""background-color: rgba(0, 0, 0, 0); color: rgb(105, 122, 180);"">Art. 118 Abs. 8 B-VG</a>, <a href=""https://www.jusline.at/gesetz/b-vg/paragraf/artikel118a"" rel=""noopener noreferrer"" target=""_blank"" style=""background-color: rgba(0, 0, 0, 0); color: rgb(105, 122, 180);"">Art. 118a B-VG</a></li><li><span style=""background-color: rgba(0, 0, 0, 0); color: rgb(226, 148, 20);"">Gemeinde</span></li><li>Aufgaben im kommunalen Bereich</li></ul><p><br></p>"
"<p><span style=""background-color: rgb(34, 38, 74); color: rgb(238, 236, 246);"">Wachkörper: </span><span style=""background-color: rgb(40, 45, 88); color: rgb(238, 236, 246);"">Justizwache </span></p>","<ul><li><a href=""https://www.jusline.at/gesetz/stvg/paragraf/13a"" rel=""noopener noreferrer"" target=""_blank"" style=""color: rgb(105, 122, 180); background-color: rgb(40, 45, 88);"">§&nbsp;13a Strafvollzugsgesetz</a></li><li><span style=""color: rgb(238, 236, 246); background-color: rgb(40, 45, 88);"">?Bund</span></li><li><span style=""color: rgb(238, 236, 246); background-color: rgb(40, 45, 88);"">Bewachung der Strafgefangenen</span></li></ul>"
"<p><span style=""background-color: rgb(34, 38, 74); color: rgb(238, 236, 246);"">Wachkörper: </span>Bundespolizei</p>","<ul><li><a href=""https://www.jusline.at/gesetz/b-vg/paragraf/artikel10"" rel=""noopener noreferrer"" target=""_blank"" style=""background-color: rgb(40, 45, 88); color: rgb(105, 122, 180);"">Art. 10 Abs. 1 Z. 14 B-VG</a><span style=""background-color: rgb(40, 45, 88); color: rgb(238, 236, 246);"">, </span><a href=""https://www.jusline.at/gesetz/b-vg/paragraf/artikel78d"" rel=""noopener noreferrer"" target=""_blank"" style=""background-color: rgb(40, 45, 88); color: rgb(105, 122, 180);"">Art 78d B-VG</a></li><li>Bund</li><li><span style=""background-color: rgb(40, 45, 88); color: rgb(238, 236, 246);"">Innere Sicherheit</span></li><li>Unmittelbare Bundesverwaltung, BM für Inneres an der Spitze</li><li>im Bereich jeder Landespolizeidirektion sind Bezirkskommanden bzw. Stadtpolizeikommanden eingerichtet</li><li>Wachkörper Bundespolizei ist von Sicherheitsbehörden des Bundes zu unterscheiden!</li></ul>"
<p>3 Rechtsordnungen</p>,<ul><li>Staatsrecht (Staat)</li><li>Völkerrecht (Staatengemeinschaft)</li><li>Unionsrecht (EU)</li></ul>
"<p>(gesellschaftliche) <span style=""color: rgb(226, 148, 20); background-color: rgb(40, 45, 88);"">Norm</span></p>","<ul><li><span style=""color: rgb(238, 236, 246); background-color: rgb(40, 45, 88);"">Immer verbunden mit einem Sollenssatz (= Reaktion auf tatsächliche Verhältnisse / auf einen Tatbestand)</span></li><li><span style=""color: rgb(238, 236, 246); background-color: rgb(40, 45, 88);"">Durchsetzung erfolgt durch psychische Methoden, Belohnungen oder körperliche Gewalt</span></li></ul>"
<p>Staat und Gewalt</p>,<ul><li>Gewaltverbot: Gesellschaft frei von Gewalt.</li><li>Gewaltmonopol: Durchsetzung des Gewaltverbots</li><li>Rechtfertigung: Gewaltfreie und soziale Gesellschaft (körperliche und materielle Sicherheit)</li></ul>
<p>Rechtsnorm</p>,"<p>Normen des Staates, nur diese sind verbindlich (Rechtsmonopol)</p>"
<p>Rechtspositivismus</p>,"<ul><li>lat. posere = Gesetzt</li><li>Alleinige Rechtsordnung eines Staates</li><li>Alle erlassenen Rechtsvorschriften</li><li>Unabhängig von tatsächlicher Gerechtigkeit (diese ist subjektiv)</li><li>Rechtmäßigkeit = Der (Rechts)norm entsprechend.</li><li>Staatliches Recht gilt für alle gleich, Privilegierung/Diskriminierung verboten (Gleichheitssatz)</li></ul>"
<p>Forderungen des Konstitutionalismus (Verfassung im Materiellen Sinn)&nbsp;</p>,<ul><li>Rechtserzeugungsregeln</li><li>Gewaltenteilung</li><li>parlamentarische Demokratie</li><li>Freiheitsrechte gegenüber dem Staat</li></ul>
<p>Materielle vs Formelle Verfassung</p>,"<ul><li><strong>Materiell</strong>: Inhaltlich der Verfassung zugehörig (Organisation des Staates, Ausübung der Gewalt)</li><li><strong>Formell</strong>: Alle Gesetze mit Verfassungsrang, tatsächliches Verfassungsrecht</li></ul><p><br></p><p>Nicht immer deckungsgleich!</p>"
<p>Verfassungsgesetze vs einfache Gesetze</p>,"<p><strong>Verfassungsgesetze</strong></p><ul><li>Beschluss: Präsenzquorum 1/2, Konsensquorum 2/3 (<a href=""https://www.ris.bka.gv.at/eli/bgbl/1930/1/A44/NOR40045767"" rel=""noopener noreferrer"" target=""_blank"" style=""color: rgb(238, 236, 246); background-color: rgb(40, 45, 88);"">Art 44 Abs 1 B-VG</a>)</li><li>Müssen namentlich so bezeichnet werden (<a href=""https://www.ris.bka.gv.at/eli/bgbl/1930/1/A44/NOR40045767"" rel=""noopener noreferrer"" target=""_blank"">Art 44 Abs 1 B-VG</a>)</li><li>oder gesetzlich als Verfassungsrecht festgelegt sein (<a href=""https://www.ris.bka.gv.at/NormDokument.wxe?Abfrage=Bundesnormen&amp;Gesetzesnummer=10000138&amp;Artikel=149"" rel=""noopener noreferrer"" target=""_blank"">Art 149 Abs 1 B-VG</a>)</li></ul><p><br></p><p><strong>einfache Gesetze</strong></p><ul><li><span style=""color: rgb(238, 236, 246); background-color: rgb(40, 45, 88);"">Beschluss</span>: Präsenzquorum 1/3, Konsensquorum &gt; 1/2 (<a href=""https://www.jusline.at/gesetz/b-vg/paragraf/artikel31"" rel=""noopener noreferrer"" target=""_blank"">Art. 31 B-VG</a>)</li></ul>"
"<ol><li>B-VG</li><li><span style=""background-color: rgb(40, 45, 88); color: rgb(238, 236, 246);"">V-ÜG</span></li></ol>",<ol><li>Bundesverfassungsgesetz</li><li>Verfassungsüberleitungsgesetz</li></ol>
<p>Grundprinzipien der Bundesverfassung</p>,"<ul><li>Stehen auf höchster Stufe</li><li>Änderung (<strong>Gesamtänderung </strong><a href=""https://www.ris.bka.gv.at/eli/bgbl/1930/1/A44/NOR40045767"" rel=""noopener noreferrer"" target=""_blank"">Art 44 Abs 3 B-VG</a>) benötigt Konsensquorum von 2/3 und obligatorische Volksabstimmung</li></ul><p><br></p><p>Dazu zählen</p><ul><li>Demokratie</li><li>republikanisches Prinzip</li><li>Bundesstaat</li><li>Rechtsstaat (Gewaltentrennung, liberales Prinzip, Rechtsschutzsystem)</li></ul><p><br></p>"
<p>Fakultative Volksabstimmung</p>,<p>freiwillig</p>
<p>Verfassungsgeschichte in Österreich</p>,"<p>1867:&nbsp;&nbsp;Konstitutionelle Monarchie (""Dezemberverfassung"")</p><p>1918:&nbsp;&nbsp;Demokratische Republik Deutschösterreich (""Oktoberverfassung"",&nbsp;""Märzverfassung"" 1919)</p><p>1920:&nbsp;&nbsp;Demokratische Republik Österreich (Bundes-Verfassungsgesetz B-VG)</p><p>1934:&nbsp;&nbsp;Autoritärer Ständestaat auf föderativer Grundlage (Ständische Verfassung&nbsp;1934)</p><p>1938:&nbsp;&nbsp;Deutsches Reich ""Annexionstheorie"" oder ""Okkupationstheorie"" (eher&nbsp;Okkupation, sonst wären alle Staatsverträge ungültig gewesen)</p><p>1945:&nbsp;&nbsp;Demokratische Republik Österreich&nbsp;(Verfassungs-Überleitungsgesetz 1945 V-ÜG, Bundes-Verfassungsgesetz B-VG)</p><p>1995:&nbsp;&nbsp;EU-Beitritt (EU-Beitritts-BVG, EU-Beitrittsvertrag)</p>"
<p>Arten der Verfassungsänderungen</p>,"<p>Verfassungsmäßig: Kontinuität</p><p>Sonst: Diskontinuität, im rechtlichen Sinne Revolution genannt. (Gab es 3 mal: 1918, 1934, 1945)</p>"
<p>Österreichische Verfassungsordnung</p>,"<p>Verstreut über mehrere Gesetze:</p><p><br></p><ul><li>Verfassungs-Überleitungsgesetz 1945 (V-ÜG)</li><li>Bundes-Verfassunggesetz (B-VG)</li><li>weitere Bundesverfassungsgesetze:</li><li class=""ql-indent-1"">Staatsgrundgesetz 1867 (StGG 1867)</li><li class=""ql-indent-1"">Verbotsgesetz 1947</li><li class=""ql-indent-1"">Finanz-Verfassungsgesetz 1948 (F-VG 1948)</li><li class=""ql-indent-1"">Neutralitätsgesetz 1955</li><li class=""ql-indent-1"">EU-Beitritts-BVG</li><li class=""ql-indent-1"">BVG Staatsziele</li><li class=""ql-indent-1"">u.a.</li><li> einzelne Verfassungsbestimmungen in einfachen Gesetzen</li><li class=""ql-indent-1"">Zivildienstgesetz 1986 (ZDG)</li><li class=""ql-indent-1"">Datenschutzgesetz 2000 (DSG 2000)</li><li class=""ql-indent-1"">Parteiengesetz 2012 (PartG)</li><li class=""ql-indent-1"">Unvereinbarkeits- und Transparenz- Gesetz</li><li class=""ql-indent-1"">u.a.</li><li>Staatsverträge in Verfassungsrang</li><li class=""ql-indent-1"">Europäische Menschenrechtskonvention (EMRK)</li><li class=""ql-indent-1"">Zusatzprotokolle zur EMRK (ZPzEMRK)</li><li class=""ql-indent-1"">u.a.</li><li>einzelne Verfassungsbestimmungen in Staatsverträgen:</li><li class=""ql-indent-1"">Staatsvertrag von Saint-Germain-en-Laye 1919</li><li class=""ql-indent-1"">Staatsvertrag von Wien 1955</li><li class=""ql-indent-1"">Internationales Übereinkommen über die Beseitigung aller Formen rassischer Diskriminierung</li><li class=""ql-indent-1"">u.a.</li><li>Landesverfassungsgesetze und Landesverfassungsbestimmungen</li></ul>"
<p>Beziehung zwischen Recht und Politik</p>,<p>Politik ist die Vorstufe des Rechtes. Die politische (Entscheidungs-)Freiheit wird eingeschränkt durch</p><ul><li>Staatspolitische Grundsätze (präzise und unmittelbar zu befolgen)</li><li>Staatsziele (ohne präzise Anordnungen)</li></ul>
"<p><span style=""background-color: rgb(40, 45, 88); color: rgb(238, 236, 246);"">Staatspolitische Grundsätze</span></p>","<p>sind <span style=""background-color: rgb(40, 45, 88); color: rgb(238, 236, 246);"">präzise und unmittelbar zu befolgen.</span></p><p><br></p><ul><li>Antimonarchismus</li><li>Laizismus</li><li>Antifaschismus</li><li>Neutralität</li><li>Atomwaffen- und Atomenergiefreiheit</li></ul>"
"<p><span style=""background-color: rgb(40, 45, 88); color: rgb(238, 236, 246);"">Staatspolitischer Grundsatz: </span>Antimonarchismus</p>",<ul><li>Österreich ist seit 1918 eine Republik. </li><li>Monarchie verboten (Habsburgergesetz und Adelsaufhebungsgesetz 1919; Staatsvertrag von Wien 1955)</li></ul>
"<p><span style=""background-color: rgb(40, 45, 88); color: rgb(238, 236, 246);"">Staatspolitischer Grundsatz: </span>Laizismus</p>","<p><span style=""background-color: rgb(40, 45, 88); color: rgb(238, 236, 246);"">Trennung von Staat und Kirche ( </span><a href=""https://www.jusline.at/gesetz/stgg/paragraf/artikel15"" rel=""noopener noreferrer"" target=""_blank"" style=""color: rgb(105, 122, 180); background-color: rgb(40, 45, 88);"">Art 15 StGG</a><span style=""background-color: rgb(40, 45, 88); color: rgb(238, 236, 246);""> )</span></p>"
"<p><span style=""color: rgb(238, 236, 246); background-color: rgb(40, 45, 88);"">Staatspolitischer Grundsatz: Antifaschismus</span></p>",<p>In erster Linie gegen Nationalsozialismus. (V-ÜG 1945; Verbotsgesetz 1947 [Verbot von NSDAP u.ä.]; Staatsvertrag von Wien 1955 [gegen NSDAP und faschistische Organisationen])</p><p><br></p>
"<p><span style=""color: rgb(238, 236, 246); background-color: rgb(40, 45, 88);"">Staatspolitischer Grundsatz: Neutralität</span></p>","<ul><li>Neutralitätsgesetz 1955</li><li>immerwährende Neutralität. </li><li>Keine Beteiligung, kein Beistand, keine Begünstigung einer Seite bei Konflikten. </li><li>Konkret: Keine militärischen Bündnisse, keine fremden Militärstützpunkte auf Staatsgebiet, Aufrechterhaltung und Verteidigung der Neutralität.</li></ul><p><br></p>"
"<p><span style=""color: rgb(238, 236, 246); background-color: rgb(40, 45, 88);"">Staatspolitischer Grundsatz: </span><span style=""color: rgb(226, 148, 20); background-color: rgba(0, 0, 0, 0);"">Atomwaffen</span><span style=""color: rgb(238, 236, 246); background-color: rgb(40, 45, 88);"">- </span><span style=""color: rgb(226, 148, 20); background-color: rgba(0, 0, 0, 0);"">und Atomenergiefreiheit</span></p>","<ul><li>BVG atomfreies Österreich (1999) </li><li>Verbietet Herstellung, Lagerung, Transport, Test und Verwendung von Atomwaffen, Errichtung und Inbetriebnahme von AKWs. </li><li>Erlaubt: Import von Atomstrom, Mitgliedschaft bei EURATOM.</li></ul><p><br></p>"
<p>StGG</p>,<p>Staatsgrundgesetz über die allgemeinen Rechte der Staatsbürger</p>
<p>Staatsziele</p>,"<p>Sind ""Verfassungsaufträge"", formuliert als ""Bund, Länder und Gemeinden bekennen sich ..."" oder ""die Republik bekennt sich ...""</p><ul><li><strong>Sozialstaat</strong></li><li><strong>Gleichstellung von Mann und Frau</strong></li><li><strong>Gleichbehandlung behinderter und nicht behinderter Menschen</strong></li><li><strong>Achtung der autochthonen Volksgruppen</strong></li><li><strong>Umfassende Landesverteidigung</strong></li><li><strong>Gesamtwirtschaftliches Gleichgewicht</strong></li><li><strong>Umweltschutz, Nachhaltigkeit, Tierschutz, Sicherstellung der Wasser- und Lebensmittelversorgung, Forschung</strong></li><li>Weiteres geplant: <strong>Wettbewerbsfähiger Wirtschaftsstandort</strong>, eventuell aber nicht mit Umweltschutz kompatibel.</li></ul>"
"<p>Staatsziel <span style=""background-color: rgb(40, 45, 88); color: rgb(238, 236, 246);"">Sozialstaat</span></p>","<p>Ziel ist soziale gerechte Gesellschaft, ausreichende Versorgung mit lebensnotwendigen Gütern und Leistungen.</p><p><br></p>"
"<p>Staatsziel <span style=""background-color: rgb(40, 45, 88); color: rgb(226, 148, 20);"">Gleichstellung von Mann und Frau</span></p>","<ul><li><span style=""color: rgb(238, 236, 246); background-color: rgb(40, 45, 88);"">Gleichstellung durch Gleichheitssatz (</span><a href=""https://www.jusline.at/gesetz/b-vg/paragraf/artikel7"" rel=""noopener noreferrer"" target=""_blank"" style=""color: rgb(105, 122, 180); background-color: rgb(40, 45, 88);"">Art 7 Abs 1 B-VG</a><span style=""color: rgb(238, 236, 246); background-color: rgb(40, 45, 88);"">, </span><a href=""https://www.jusline.at/gesetz/stgg/paragraf/artikel2"" rel=""noopener noreferrer"" target=""_blank"" style=""color: rgb(105, 122, 180); background-color: rgb(40, 45, 88);"">Art 2 StGG</a><span style=""color: rgb(238, 236, 246); background-color: rgb(40, 45, 88);"">).</span></li><li><span style=""color: rgb(238, 236, 246); background-color: rgb(40, 45, 88);"">Tatsächliche Gleichstellung durch Förderung des jeweils benachteiligten Geschlechts, auch wenn dadurch zeitweise diskriminiert wird (=positive Diskriminierung) (</span><a href=""https://www.jusline.at/gesetz/b-vg/paragraf/artikel7"" rel=""noopener noreferrer"" target=""_blank"" style=""color: rgb(105, 122, 180); background-color: rgb(40, 45, 88);"">Art 7 Abs 2 B-VG</a><span style=""color: rgb(238, 236, 246); background-color: rgb(40, 45, 88);"">)</span></li></ul>"
"<p><span style=""background-color: rgb(40, 45, 88); color: rgb(238, 236, 246);"">Staatsziel Gleichbehandlung behinderter und nicht behinderter Menschen</span></p>","<ul><li>Niemand darf wegen Behinderung benachteiligt werden (<a href=""https://www.jusline.at/gesetz/b-vg/paragraf/artikel7"" rel=""noopener noreferrer"" target=""_blank"" style=""color: rgb(105, 122, 180); background-color: rgba(0, 0, 0, 0);"">Art 7 Abs 1 B-VG</a>)</li><li>Anerkennung der Gebärdensprache (<a href=""https://www.jusline.at/gesetz/b-vg/paragraf/artikel8"" rel=""noopener noreferrer"" target=""_blank"" style=""color: rgb(105, 122, 180); background-color: rgba(0, 0, 0, 0);"">Art 8 Abs 3 B-VG</a>)</li></ul>"
"<p>Staatsziel <span style=""background-color: rgb(40, 45, 88); color: rgb(238, 236, 246);"">Achtung der autochthonen Volksgruppen</span></p>","<ul><li>Mit eigener Sprache und Kultur</li><li>Erhaltung und Bestand ist zu fördern (<a href=""https://www.jusline.at/gesetz/b-vg/paragraf/artikel8"" rel=""noopener noreferrer"" target=""_blank"" style=""background-color: rgba(0, 0, 0, 0); color: rgb(105, 122, 180);"">Art 8 Abs 2 B-VG</a>)</li><li>Volksgruppengesetz 1956 definiert 6: Kroaten, Slowenen, Ungarn, Tschechen, Slowaken und Roma.</li></ul><p><br></p>"
<p>Staatsziel Umfassende Landesverteidigung</p>,"<p><a href=""https://www.jusline.at/gesetz/b-vg/paragraf/artikel9a"" rel=""noopener noreferrer"" target=""_blank"" style=""background-color: rgb(40, 45, 88); color: rgb(105, 122, 180);"">Art 9a B-VG</a></p><ul><li><span style=""background-color: rgb(40, 45, 88); color: rgb(238, 236, 246);"">Umfassende (Militärische, geistige, zivile und wirtschaftliche) Landesverteidigung</span></li><li><span style=""background-color: rgb(40, 45, 88); color: rgb(238, 236, 246);"">Bewahrung der Unabhängigkeit, Unverletzlichkeit des Bundesgebietes, Aufrechterhaltung der Neutralität, Wehrpflicht der männlichen Staatsbürger </span></li></ul>"
"<p>Staatsziel <span style=""background-color: rgb(40, 45, 88); color: rgb(238, 236, 246);"">Gesamtwirtschaftliches Gleichgewicht</span></p>","<ul><li>Gegen zu hohe Staatsverschuldung</li><li>Nachhaltig geordnete Haushalte: ausgewogenes Wirtschaftswachstum, wettbewerbsfähige soziale Marktwirtschaft, Preisstabilität, hohes Beschäftigungsniveau und sozialer Fortschritt (<a href=""https://www.jusline.at/gesetz/b-vg/paragraf/artikel13"" rel=""noopener noreferrer"" target=""_blank"">Art. 13 Abs. 2 b-VG</a>)</li></ul>"
<p>Demokratie</p>,"<p>""Herrschaft des Volkes"". <a href=""https://www.jusline.at/gesetz/b-vg/paragraf/artikel1"" rel=""noopener noreferrer"" target=""_blank"">Art. 1 B-VG</a>: ""Österreich ist eine demokratische Republik. Ihr Recht geht vom Volk aus."" (seit 1918); wichtigstes Grundprinzip der Verfassung;</p>"
<p>Plebiszitäre Demokratie&nbsp;</p>,<ul><li>direkte/unmittelbare Demokratie</li><li>Gesetzesentscheidungen über Volksabstimmung (Plebiszite)</li><li>Beispiel: Schweiz</li></ul>
<p>Parlamentarische Demokratie&nbsp;</p>,"<ul><li>indirekte/mittelbare/repräsentative Demokratie</li><li>Volk wählt Vertreter ins Parlament, diese entscheiden über Gesetze.</li><li>Volk entscheidet durch:</li><li class=""ql-indent-1"">Wahl der Abgeordneten</li><li class=""ql-indent-1"">Volksabstimmung (<a href=""https://www.jusline.at/gesetz/b-vg/paragraf/artikel43"" rel=""noopener noreferrer"" target=""_blank"">Art. 43ff B-VG</a>)</li><li class=""ql-indent-1"">Volksbegehren (<a href=""https://www.jusline.at/gesetz/b-vg/paragraf/artikel41"" rel=""noopener noreferrer"" target=""_blank"">Art. 41 B-VG</a>)</li><li class=""ql-indent-1"">Volksbefragung (<a href=""https://www.jusline.at/gesetz/b-vg/paragraf/artikel49b"" rel=""noopener noreferrer"" target=""_blank"">Art. 49b B-VG</a>)</li><li>Beispiel: Österreich</li></ul>"
<p>Egalitäre Demokratie</p>,"<ul><li>Gleiches politisches Gewicht für alle Staatsbürger</li><li>Gleicher Zugang zu allen öffentlichen Ämtern (<a href=""https://www.jusline.at/gesetz/stgg/paragraf/artikel3"" rel=""noopener noreferrer"" target=""_blank"">Art. 3 StGG</a>)</li><li>Gleichheit aller Staatsbürger vor dem Gesetz (<a href=""https://www.jusline.at/gesetz/stgg/paragraf/artikel2"" rel=""noopener noreferrer"" target=""_blank"">Art. 2 StGG</a>, <a href=""https://www.jusline.at/gesetz/b-vg/paragraf/artikel7"" rel=""noopener noreferrer"" target=""_blank"">Art 7 Abs 1 B-VG</a>)</li></ul>"
<p>Wahlrechtsgrundsätze</p>,"<p><a href=""https://www.jusline.at/gesetz/b-vg/paragraf/artikel26"" rel=""noopener noreferrer"" target=""_blank"">Art. 26 B-VG</a>; Briefwahl: Art. 26 Abs. 6 B-VG</p><ul><li><strong>Gleiches Wahlrecht</strong>: Jede Stimme ist gleich gewichtet (egalitäre Demokratie)</li><li><strong>Unmittelbares Wahlrecht: </strong>(keine Wahlmänner, ...)</li><li><strong>Persönliches Wahlrecht:</strong> keine Stellvertretung (Ausnahme: beeinträchtigt wie z.B. Blind)</li><li><strong>Freies</strong> <strong>Wahlrecht</strong>: Kein Zwang; Freiheit der Wahlparteien zu werben</li><li><strong>Geheimes Wahlrecht: </strong>Stimme kann und muss geheim abgegeben werden</li><li><strong>Verhältniswahlrecht</strong>: Stimmenanteil bestimmt Mandatsverteilung. Abweichung durch Bürgerzahlprinzip und 4% Klausel.</li></ul>"
<p>PartG</p>,<p>Parteiengesetz 2012</p>
<p>Politische Partei</p>,"<p>Dauerhaft organisierte Verbindung die durch gemeinsame Tätigkeiten auf Beeinflussung der staatlichen Willensbildung abzielt (<a href=""https://www.jusline.at/gesetz/partg/paragraf/1"" rel=""noopener noreferrer"" target=""_blank"">§ 1 Abs. 2 PartG</a>). </p><p>Sind juristische Personen.</p>"
<p>Wahlpartei</p>,"<p>Gruppen von Personen auf gemeinsamer Liste für eine Wahlkandidatur. Besteht nur für die Wahl und ist keine juristische Person. </p><p><br></p><p>Politische Parteien treten als Wahlparteien auf, reine Wahlparteien selten (kommen teilweise auf kommunaler Ebene vor)</p>"
<p>Gründung einer politischen Partei</p>,"<p><a href=""https://www.jusline.at/gesetz/partg/paragraf/1"" rel=""noopener noreferrer"" target=""_blank"" style=""background-color: rgb(40, 45, 88); color: rgb(105, 122, 180);"">§ 1 Abs. 4 PartG</a></p><ul><li>Satzung muss beschlossen werden und beim BMI hinterlegt werden (Parteienverzeichnis)</li><li>Jeder kann Partei gründen (Gründungsfreiheit)</li><li>Darf nicht gegen das Gesetz verstoßen (z.B. Verbotsgesetz 1947)</li></ul><p><br></p>"
<p>Republik und Bundespräsident</p>,"<p>von lat. res publica</p><p>Staatsoberhaupt: (Bundes)Präsident (<a href=""https://www.jusline.at/gesetz/b-vg/paragraf/artikel60"" rel=""noopener noreferrer"" target=""_blank"">Art. 60ff B-VG</a>)</p><ul><li>Vom Volk gewählt</li><li>Dem Volk verantwortlich</li><li>Funktionsperiode: 2x 6 Jahre</li></ul>"
<p>Unterscheidung von Rechtsnormen</p>,<p><strong>Nach Adressatenkreis</strong></p><ol><li>Generell: An die Allgemeinheit bzw. nach Geltungsmerkmalen bestimmter Kreis.</li><li>Individuell: An konkreten und namentlich bestimmten Kreis</li></ol><p><br></p><p><strong>Nach Struktur des Inhalts</strong></p><ol><li>Abstrakt: abstrakte Idee ohne konkreten Sachverhalt</li><li>Konkret: bestimmter und konkreter Sachverhalt</li></ol><p><br></p><p>-&gt; generell-abstrakt oder individuell-konkret</p>
<p>Gewaltenteilung im Konstitutionalismus</p>,"<p>Staatsgewalt geteilt in</p><ul><li>Gesetzgebung (Legislative)</li><li>Vollziehung (Exekutive)</li></ul><p><br></p><p>Vollziehung wiederum geteilt in (<a href=""https://www.jusline.at/gesetz/b-vg/paragraf/artikel94"" rel=""noopener noreferrer"" target=""_blank"" style=""background-color: rgb(40, 45, 88); color: rgb(105, 122, 180);"">Art. 94 Abs. 1 B-VG</a>)</p><ul><li>Verwaltung (Administrative)</li><li>Gerichtsbarkeit (Judikative)</li></ul><p><br></p><p>Teilgewalten kontrollieren sich gegenseitig.</p>"
<p>Gewaltenteilung im materiellen Sinn</p>,"<ul><li><strong>Gesetzgebung:</strong> Erlass von generell-abstrakten Rechtsnormen (Parlament)</li><li><strong>Vollziehung:</strong> Umsetzung der generell-abstrakten Rechtsnormen und Erlass individuell-konkreter Rechtsnormen (Regierung)</li><li><strong>Verwaltung: </strong>Daseinsvorsorge - Schulen, Infrastruktur, Gesundheitswesen, .... </li><li><strong>Gerichtsbarkeit</strong>: Streitentscheidung </li></ul>"
"<p><span style=""background-color: rgb(40, 45, 88); color: rgb(238, 236, 246);"">Gewaltenteilung im formellen Sinn</span></p>",<ul><li>Zuordnung von Aufgaben an bestimmte Organe</li><li>B-VG verwendet formelle Gewaltenteilung</li></ul>
<p>Regierung</p>,<ul><li>An der Spitze der Vollziehung (Exekutive)</li><li>Leitet den Staatsapparat</li><li>Dem Parlament untergeordnet: braucht das politische Vertrauen (sonst Misstrauensvotum) und ist dem Parlament verantwortlich</li></ul>
<p>Regierungssystem Österreich (Bund und Länder)</p>,<ul><li>Mischsystem aus parlamentarischem und präsidentiellem Regierungssystem</li><li>In den Ländern rein parlamentarisch</li><li>Bundespräsident ernennt und entlässt Bundesregierung</li><li>Parlament kann Regierung auflösen (Misstrauensvotum)</li></ul>
"<p>Hierarchische Vollziehung (Aufgabe der Regierung, Ausnahmen aus Hierarchie)</p>","<ul><li>Regierung leitet und beaufsichtigt andere Vollziehungsorgane und erteilt (bindend) Weisungen (<a href=""https://www.jusline.at/gesetz/b-vg/paragraf/artikel20"" rel=""noopener noreferrer"" target=""_blank"">Art 20 Abs 1 B-VG</a>) an sie</li><li>Regierung ist dem Parlament für das Handeln der gesamten Vollziehung verantwortlich</li><li>Ausnahme aus der Weisungsbindung: unabhängige Richter, weisungsfreie Teile der Justizverwaltung, einzelne weisungsfreie Verwaltungsbehörden, Selbstverwaltung der Gemeinden</li></ul><p><br></p>"
<p>Aufgaben der Gerichtsbarkeit</p>,<ul><li>Verhängung von Geld- und Freiheitsstrafen</li><li>Entscheidung zivilrechtlicher und verwaltungsrechtlicher Streitigkeiten</li></ul>
<p>Freie Gerichtsbarkeit</p>,"<ul><li>Getrennt von Verwaltung <a href=""https://www.jusline.at/gesetz/b-vg/paragraf/artikel94"" rel=""noopener noreferrer"" target=""_blank"">Art. 94 Abs. 1 B-VG</a></li><li>Entscheidung und Schlichtung aller Rechtsstreitigkeiten durch unabhängige Richter</li><li>Gegenteil: <span style=""background-color: rgb(40, 45, 88); color: rgb(238, 236, 246);"">Kabinettsjustiz</span></li></ul>"
<p>Richterliche Privilegien</p>,"<ul><li>Weisungsfreiheit (<a href=""https://www.jusline.at/gesetz/b-vg/paragraf/artikel87"" rel=""noopener noreferrer"" target=""_blank"">Art. 87 Abs 1 B-VG</a>)</li><li>Unversetzbarkeit/Unabssetzbarkeit (<a href=""https://www.jusline.at/gesetz/b-vg/paragraf/artikel88"" rel=""noopener noreferrer"" target=""_blank"">Art 88 B-VG</a>); auf Lebenszeit bestellt</li></ul>"
<p>Verwaltung materiell vs formell </p>,"<ul><li>Im materiellen Sinn: Daseinsvorsorge: Sicherheit, Schulen, Straßen, Gesundheit, ...</li><li>Formell: Das was nicht Gerichtsbarkeit ist (Subtraktionsbegriff)</li></ul>"
<p>Gesetzgebung</p>,"<ul><li>Alles Handeln, welches das B-VG dem Parlament zuweist.</li><li>Alles was die Rechtsform ""Gesetz"" (Gesetz im formellen Sinn) hat</li><li class=""ql-indent-1"">Auch individuell-konkrete Gesetze (Einzelfallgesetze) wie Bundesgesetz über die Enteignung von Hitlers Geburtshaus</li></ul>"
<p>Justiz (formell)</p>,<p>Das Handeln das den Richtern zugewiesen ist.</p>
<p>Justizverwaltung</p>,"<ul><li>Handlungen außerhalb der rechtsprechenden Tätigkeit</li><li>Organisatorisches Umfeld der Richter</li><li>= weisungs<strong>abhängige</strong> Vollziehung</li><li class=""ql-indent-1"">Ausnahme: Verwaltung die (durch das Gesetz) Richtersenaten oder Kommissionen zugewiesen sind, diese sind weisungsfrei.</li></ul>"
<p>Verbot wechselseitiger Instanzenzüge</p>,"<ul><li>Über eine Sache darf nicht sowohl ein ordentliches Gericht als auch eine Verwaltungsbehörde entscheiden (<a href=""https://www.jusline.at/gesetz/b-vg/paragraf/artikel94"" rel=""noopener noreferrer"" target=""_blank"">Art. 94 Abs 1. B-VG</a>)</li><li>Ausnahme: Gesetzgeber dürfen in Einzelfällen einen Instanzenzug von einer Verwaltungsbehörde an ein ordentliches Gericht vorsehen (<a href=""https://www.jusline.at/gesetz/b-vg/paragraf/artikel94"" rel=""noopener noreferrer"" target=""_blank"">Art. 94 Abs 2. B-VG</a>)</li></ul>"
<p>Bescheid</p>,<p>Verwaltung erlässt als <strong>individuell-konkrete </strong>Rechtsnormen <strong>Bescheide</strong></p>
<p>Urteil und Beschluss</p>,<p>Gerichte erlassen <strong>individuell-konkrete</strong> Urteile oder Beschlüsse</p>
<p>Verordnung</p>,<p>Die Verwaltung erlässt als <strong>generelle </strong>(abstrakte oder konkrete) Rechtsnormen <strong>Verordnungen. </strong>Diese gelten als <strong>Gesetze im materiellen Sinn</strong></p>
<p>Gesetz im materiellen Sinn</p>,<p>jede generell-abstrakte Regelung mit Außenwirkung (beeinflusst nicht nur den Träger öffentlicher Gewalt der die Maßnahme gesetzt hat) </p>
<p>Gesetz im formellen Sinn</p>,"<p><span style=""background-color: rgb(255, 255, 255); color: rgb(102, 102, 102);"">Regelmäßig nur diejenige Maßnahme, die vom&nbsp;Parlament&nbsp;in einem&nbsp;Gesetzgebungsverfahren&nbsp;beschlossen und im&nbsp;Gesetzblatt&nbsp;bekannt gemacht worden ist.</span></p><p><br></p><p><sub>jede Maßnahme die:</sub></p><ul><li><sub>die in einem Verfahren zustande gekommen ist, das von Verfassungs wegen für den Erlass von Gesetzen vorgesehen ist</sub></li><li><sub>von den in der&nbsp;Verfassung&nbsp;dazu bestimmten Organen erlassen worden ist und </sub></li><li><sub>die in der&nbsp;Verfassung&nbsp;für Gesetze bestimmte&nbsp;Form&nbsp;hat</sub></li></ul>"
<p>Rechtsstaat Österreich und Rolle der Vollziehung</p>,"<ul><li>Das Recht geht vom Volk aus (<a href=""https://www.jusline.at/gesetz/b-vg/paragraf/artikel1"" rel=""noopener noreferrer"" target=""_blank"">Art 1. B-VG</a>)</li><li>Staatsgewalt gegenüber Bürgern liegt bei der Vollziehung</li><li>Handeln der Vollziehungsorgane muss für jeden vorhersehbar und berechenbar sein</li></ul>"
<p>Anforderungen an Gesetze im Gesetzesstaat</p>,"<ul><li>Geschrieben, allgemein gültige Gesetze: generelle Rechtsnormen. Ohne generelles Gesetz, kein individueller Rechtsakt.</li><li>Kundmachung: Gesetze müssen in Gesetzblättern veröffentlicht werden; Bundes- und Landesgesetzblätter müssen im <strong>RIS </strong>kundgemacht werden.</li><li class=""ql-indent-1"">Nicht kundgemachte Gesetze sind von vornherein ungültig</li><li class=""ql-indent-1"">Mangelhaft kundgemachte Gesetze müssen von VfGH aufgehoben werden, und von Gerichten ignoriert.</li></ul>"
<p>RIS</p>,"<p>Rechtsinformationssystem des Bundes <a href=""https://www.ris.bka.gv.at/"" rel=""noopener noreferrer"" target=""_blank"">https://www.ris.bka.gv.at/</a></p>"
<p>VfGH</p>,<p>Österreichischer Verfassungsgerichtshof</p>
<p>Trennung von Staat und Gesellschaft </p>,"<p>lat. status negativus: Wo es keine generelle Rechtsgrundlage gibt, besteht gestaltbarer gesellschaftlicher Freiraum</p>"
<p>Privatrechtsordnung</p>,"<ul><li>Staatlicher Rahmen für status negativus </li><li>Verträge zwischen Menschen ""verrechtlicht"" Freiraum (Privatautonomie)</li><li>Verbindliche Verträge (Konsensualnormen) können mittels Staat (Zivilgericht) durchgesetzt werden.</li></ul><p><br></p>"
<p>Rechtsschutzstaat</p>,<p>Hat objektive Rechtsschutzeinrichtungen und bietet subjektive Rechtswege (gegen den Staat)</p>
<p>Objektive Rechtsschutzeinrichtungen</p>,"<p>Staatliche Einrichtungen welche die Einhaltung der Gesetze gewährleisten sollen. (<strong>objektiv </strong>= hängt nicht vom Betroffenen ab, ob die Einrichtungen aktiv werden)</p><ul><li>polit. und rechtl. Kontrollen der Regierung durch das Parlament</li><li>Missstandskontrolle durch Volksanwaltschaft</li><li>Gebarungskontrolle durch Rechnungshof</li></ul>"
<p>Subjektive Rechtswege</p>,<ul><li>bei gesetzeswidrigem Verhalten der Vollziehung können betroffene einen förmlichen Prozess gegen den Staat führen</li><li>Ziel: Zwingen der Vollziehung zur Beachtung der Gesetze</li></ul>
<p>Stufenbau der Rechtsordnung</p>,"<p><img src=""https://memcode-production.s3.us-west-2.amazonaws.com/1595847592973""></p>"
<p>Widerspruchsfreiheit (Vorrang)</p>,<p>Die niedrigere (bedingte) Norm darf der höheren (bedingenden) Norm nicht widersprechen.</p>
<p>Gesetzmäßigkeitsgebot&nbsp;</p>,"<ul><li>Auch Gesetzesvorbehalt oder Legalitätsprinzip</li><li>Es gilt für die Vollziehung nicht nur die Widerspruchsfreiheit: Die gesamte Staatliche Verwaltung darf nur auf Grund der Gesetze ausgeübt werden (<a href=""https://www.jusline.at/gesetz/b-vg/paragraf/artikel18"" rel=""noopener noreferrer"" target=""_blank"">Art 18. Abs 1. B-VG</a>)</li></ul>"
<p>Verfassungsautonomie&nbsp;</p>,"<ul><li><span style=""background-color: rgb(40, 45, 88); color: rgb(238, 236, 246);"">Absolute (uneingeschränkte): </span>gilt für den Bundesverfassungsgesetzgeber</li><li>Relative (eingeschränkte): Gilt für die Landesverfassungsgesetzgeber; d.h. kann nicht gegen Bundesverfassung verstoßen, ist aber sonst frei. </li></ul>"
<p>(eingeschränkte) Gesetzgebungsautonomie&nbsp;</p>,"<p>Einfacher Gesetzgeber darf alle Normen erlassen, solange sie der Verfassung nicht widersprechen (Widerspruchsfreiheit) </p>"
<p>Determinierungspflicht&nbsp;</p>,"<p><span style=""background-color: rgb(40, 45, 88); color: rgb(238, 236, 246);"">Gesetze müssen so genau determiniert sein, dass die Vollziehung klare Handlungsvorgaben hat (</span><a href=""https://www.jusline.at/gesetz/b-vg/paragraf/artikel18"" rel=""noopener noreferrer"" target=""_blank"" style=""background-color: rgb(40, 45, 88); color: rgb(105, 122, 180);"">Art 18. Abs 1. B-VG</a><span style=""background-color: rgb(40, 45, 88); color: rgb(238, 236, 246);"">)</span></p><p><span style=""background-color: rgb(40, 45, 88); color: rgb(238, 236, 246);"">Ist das Gesetz zu ungenau, wäre die Verwaltung zu frei (formalgesetzliche Delegation -&gt; Verfassungswidrig)</span></p>"
<p>Derogation</p>,"<p>2 Normen gleichen Ranges widersprechen sich.</p><ul><li><strong>formell</strong>: im neuen Gesetz wird die alte aufgehoben</li><li><strong>materiell</strong>:</li><li class=""ql-indent-1"">nach <strong>Zeit</strong>: das jüngere verdrängt das ältere</li><li class=""ql-indent-1"">nach <strong>Spezialität</strong>: das speziellere verdrängt das generelle</li></ul>"
<p>Fehlerkalkül</p>,"<p>Rechtswidrige Normen sind nicht immer von vornherein ungültig (absolut nichtig, bei <strong>gravierender</strong> und <strong>evidenter</strong> Rechtswidrigkeit), sondern gelten bis zur Aufhebung (relativ nichtig)</p><p><br></p><ul><li><strong>rückwirkende Aufhebung</strong> (ex tunc): individuelle Rechtssätze wie Bescheid und Urteil, ein Anlassfall der zur Aufhebung einer generellen Norm geführt hat (Ergreiferprämie)</li><li><strong>Aufhebung für die Zukunft</strong> (ex nunc): Bei generellen Rechtssätzen für die Allgemeinheit</li></ul>"
"<p>Österreich als Förderation, Staatsbürgerschaft im Bundesstaat</p>","<ul><li>Österreich ist ein Bundesstaat (<a href=""https://www.jusline.at/gesetz/b-vg/paragraf/artikel2"" rel=""noopener noreferrer"" target=""_blank"">Art. 2 B-VG</a>) </li><li>Gegenteil: Einheitsstaat / Zentralstaat</li><li>9 Bundesländer, also 10 Teilstaaten: Bundesländer + Bund als Gesamtstaat</li><li>In Österreich: einheitliche Staatsbürgerschaft (bei Bundesstaaten kann das auch anders sein)</li></ul>"
<p>Zwei Staatsorganisationen (je Bund und Land)</p>,"<p>Bund : Land</p><ul><li>Nationalrat + Bundesrat : Landtag</li><li>Bundesreg./Verwaltung : Landesreg./Verwaltung</li><li>Bundesgerichtsbarkeit : Landesgerichtsbarkeit</li><li class=""ql-indent-1"">Verwaltungsgerichtsbarkeit 1. Instanz ist zwischen Bund und Land geteilt</li><li class=""ql-indent-1"">Ordentliche Gerichtsbarkeit (Zivil/Strafrecht) ist nur Bundessache (<a href=""https://www.jusline.at/gesetz/b-vg/paragraf/artikel82"" rel=""noopener noreferrer"" target=""_blank"">Art. 82 Abs. 1 B-VG</a>)</li></ul><p><br></p><p><br></p>"
<p>Ordentliche Gerichtsbarkeit</p>,<p>Zivil- und Strafrecht</p>
<p>Kompetenzkompetenz&nbsp;des Bundes</p>,"<p>Der Bundesgesetzgeber legt in der Verfassung fest, wer welche Kompetenzen hat (<a href=""https://www.jusline.at/gesetz/b-vg/paragraf/artikel10"" rel=""noopener noreferrer"" target=""_blank"">Art. 10 bis 15 B-VG</a>[genauer: 10, 11, 12 und 15]). </p>"
<p>Enumerationsmethode</p>,"<p>Der Bund zählt die Kompetenzen, die ihm gehören auf</p>"
<p>Generalklausel</p>,"<p>zugunsten der Länder, alles was nicht Bundessache ist, steht dem Land zu. Damit sind alle Kompetenzen vergeben und es kann nichts übrig bleiben.</p>"
<p>Kompetenztrennung</p>,"<ul><li>Zuständigkeit liegt entweder bei Bund oder Land, es gibt keine ""Konkurrenz"".</li><li>Eine Sachmaterie kann unter verschiedene <strong>Gesichtspunkte </strong>fallen, dadurch ergeben sich verschiedene Kompetenzen die dann je von Bund oder Land geregelt werden.</li></ul>"
"<p><span style=""background-color: rgb(40, 45, 88); color: rgb(238, 236, 246);"">Berücksichtigungsgebot</span></p>","<p>Die unter verschiedenen Gesichtspunkten wirkenden Gesetze dürfen sich nicht widersprechen, behindern, oder ""einander nichts übrig lassen"".</p><p><br></p><p>Beispiel: Bund erlaubt betreten des Waldes, Land kann dies nicht wegen der Jagd verbieten, sondern z.B.: nur zeitlich einschränken.</p><p><br></p>"
<p>Kompetenzenordnung nach Sachmaterien im B-VG</p>,"<ul><li><a href=""https://www.jusline.at/gesetz/b-vg/paragraf/artikel10"" rel=""noopener noreferrer"" target=""_blank"">Art. 10 Abs. 1 B-VG</a> (Zehnermaterien): Gesetzgebung und Vollziehung beim Bund</li><li class=""ql-indent-1"">Bundesverfassung, Gewerbe, Bundespolizei, Bundesämter, Kraftfahrwesen, ...</li><li><a href=""https://www.jusline.at/gesetz/b-vg/paragraf/artikel11"" rel=""noopener noreferrer"" target=""_blank"">Art. 11 Abs. 1 B-VG</a> (Elfermaterien): Gesetzgebung beim Bund, Vollziehung beim Land</li><li class=""ql-indent-1"">Staatsbürgerschaftswesen, Straßenpolizei, Umweltverträglichkeitsprüfung, ...</li><li><a href=""https://www.jusline.at/gesetz/b-vg/paragraf/artikel12"" rel=""noopener noreferrer"" target=""_blank"">Art. 12 Abs. 1 B-VG</a> (Zwölfermaterien): Grundsatzgesetz (bindet das <strong>Land</strong>) durch Bund , Ausführungsgesetz (bindet die <strong>Bürger</strong>) durch Land, Vollziehung Land</li><li class=""ql-indent-1"">Grundsatzgesetze müssen als solche bezeichnet werden</li><li class=""ql-indent-1"">Geben Rahmen vor, gibt es kein Grundsatzgesetz, ist das Land völlig frei</li><li><a href=""https://www.jusline.at/gesetz/b-vg/paragraf/artikel15"" rel=""noopener noreferrer"" target=""_blank"">Art. 15 Abs. 1 B-VG</a>: Generalklausel, weist alle übrigen Kompetenzen dem Land zu. Gesetzgebung und Vollziehung bei Land.</li><li class=""ql-indent-1"">Baurecht, Raumordnungsrecht, ...</li></ul>"
<p>Annexmaterien</p>,"<p>= Nebenmaterien, Adhäsionsmaterien.</p><p><br></p><p>Sachmaterien schließen auch Nebenmaterien ein (auch wenn nicht eigens genannt) z.B.: Verwaltungsverfahrensrecht, Verwaltungsstrafrecht, Enteignung, ... </p><p><br></p><p>Diese werden vom jeweils für die Sachmaterie zuständigen Gesetzgeber geregelt.</p>"
<p>Bedarfskompetenzen</p>,"<p><a href=""https://www.jusline.at/gesetz/b-vg/paragraf/artikel11"" rel=""noopener noreferrer"" target=""_blank"">Art. 11 Abs. 2 B-VG</a>: Der einfache Bundesgesetzgeber darf Annexmaterien zur Vereinheitlichung an sich ziehen, die Länder dürfen aber wieder abweichen, wenn es eindeutig ""erforderlich"" ist.</p>"
<p>Versteinerungstheorie</p>,"<p>die Kompetenzenordnung des B-VG trat erst am 01.10.1925 in Kraft; zur Auslegung der Begriffe sieht man sich die Festlegung vor 1925 an: War die Materie in einem Bundesgesetz geregelt ist der Bund zuständig, sonst das Land.</p>"
<p>Intrasystematische Weiterentwicklung</p>,"<p>War der Kompetenzbegriff vor 1925 noch nicht erfasst (technischer Fortschritt), wird er dem ähnlichsten Begriff zugeordnet - damit nicht alles an die Länder fallt.</p>"
<p>Vollziehungskompetenzen der Gemeinden</p>,"<p>Gemeinden haben Kompetenzen, <a href=""https://www.jusline.at/gesetz/b-vg/paragraf/artikel118"" rel=""noopener noreferrer"" target=""_blank"">Art. 118 Abs. 2 B-VG</a> nimmt diese von den Bereichen des Bundes und der Länder aus (z.B.: Vollziehung des Baurechts)</p>"
<p>Allgemeine Vertretungskörper</p>,"<ul><li>Genannt im B-VG</li><li>Staatliche Kollegialorgane die Gebiets-bezogene Interessen aller vertreten.</li><li>Nationalrat, Bundesrat, Landtage und Gemeinderäte </li><li>Auch: EU-Parlament</li></ul>"
<p>Teile des Bundesparlaments</p>,<p>Zwei Kammern: Nationalrat und Bundesrat</p>
"<p><span style=""background-color: rgb(40, 45, 88); color: rgb(238, 236, 246);"">Bundesversammlung</span></p>","<p><a href=""https://www.jusline.at/gesetz/b-vg/paragraf/artikel38"" rel=""noopener noreferrer"" target=""_blank"" style=""color: rgb(105, 122, 180); background-color: rgba(0, 0, 0, 0);"">Art. 38ff B-VG</a></p><ul><li>Kombination aus NR und BR</li><li>Wenige Aufgaben: <strong>Angelobung BP</strong>, Volksabstimmung zur Absetzung des BP, Kriegserkärung, ...</li></ul>"
"<p>Nationalrat (Zweck, Leitung, Legislaturperiode, Auflösung, Wahlrecht, Mitglieder)</p>","<ul><li>Bundesgesetzgebung</li><li>hat Präsidium (Präsident, 2. + 3. Präsident - <a href=""https://www.jusline.at/gesetz/b-vg/paragraf/artikel30"" rel=""noopener noreferrer"" target=""_blank"">Art. 30 Abs. 1 B-VG</a>)</li><li>5 Jahre Legislaturperiode</li><li>Auflösung durch BP (<a href=""https://www.jusline.at/gesetz/b-vg/paragraf/artikel29"" rel=""noopener noreferrer"" target=""_blank"">Art. 29 B-VG</a>) oder Selbstauflösung</li><li>aktives Wahlrecht (16), passives Wahlrecht (18)</li><li>183 Mitglieder</li></ul>"
"<p>Bundesrat <span style=""color: rgb(238, 236, 246); background-color: rgb(40, 45, 88);"">(Zweck, Leitung, Legislaturperiode, Auflösung, Mitglieder)</span></p>","<ul><li>Erlaubt Ländern an Bundesgesetzgebung mitzuwirken</li><li>Hat Präsident (wechselt halbjährlich zwischen Ländern) und 2 Vizepräsidenten (<a href=""https://www.jusline.at/gesetz/b-vg/paragraf/artikel36"" rel=""noopener noreferrer"" target=""_blank"">Art. 36 Abs. 2 B-VG</a>)</li><li>Bei Landtagswahl sendet der Landtag Mitglieder in den BR, BR hat keine Legislaturperiode, sondern wird stetig partiell erneuert.</li><li>Wird nicht aufgelöst, weil keine Legislaturperiode</li><li>61 Mitglieder (Bundesräte), g<span style=""color: rgb(238, 236, 246); background-color: rgb(40, 45, 88);"">rößtes Bundesland 12, Rest</span> im Verhältnis zur Bürgerzahl, mindestens 3</li></ul>"
<p>Schlichte Parlamentsbeschlüsse</p>,"<p>Beschlüsse die keine Gesetze sind, z.B.: Genehmigung von Staatsverträgen durch NR, zum Teil Budgetbeschlüsse in den Ländern</p>"
<p>Verfassungsbestimmungen in einfachen Gesetzen</p>,"<ul><li>Einzelne Abschnitte, Artikel, Paragrafen, ... in einfachen Bundesgesetzen</li><li>werden durch die Kennzeichnung ""<strong>Verfassungsbestimmung</strong>"" (meist in Klammer oder Fett) zu Verfassungsrecht</li><li>Benötigen verfassungsändernde Mehrheit</li></ul>"
<p>GOG-NR</p>,"<p><span style=""background-color: rgb(255, 255, 255); color: rgb(32, 33, 34);"">Geschäftsordnungsgesetz&nbsp;1975</span></p>"
<p>GO-BR</p>,<p>Geschäftsordnung des Bundesrates</p><p><br></p>
<p>7 Schritte der Bundesgesetzgebung</p>,<ol><li>Gesetzesinitiative</li><li>Behandlung im NR</li><li>Behandlung im BR</li><li>Zustimmung der Länder (wenn erforderlich)</li><li>Volksabstimmung</li><li>Beurkundung</li><li>Kundmachung</li></ol>
"<p><span style=""background-color: rgb(40, 45, 88); color: rgb(238, 236, 246);"">Bundesgesetzgebung: Gesetzesinitiative</span></p>","<p>Gesetzesvorschlag (<a href=""https://www.jusline.at/gesetz/b-vg/paragraf/artikel41"" rel=""noopener noreferrer"" target=""_blank"">Art. 41 B-VG</a>) durch:</p><ul><li>Bundesregierung (Regierungsvorlage)</li><li>NR-Ausschuss</li><li>Antrag von min. 5 Abgeordneten</li><li>Bundesrat oder 1/3 seiner Mitglieder</li><li>Volksbegehren (100k Stimmen oder je 1/6 von 3 Ländern)</li></ul>"
"<p><span style=""background-color: rgb(40, 45, 88); color: rgb(238, 236, 246);"">Bundesgesetzgebung: Behandlung im NR&nbsp;</span></p>","<p>3 Lesungen (<a href=""https://www.jusline.at/gesetz/gognr/paragraf/69"" rel=""noopener noreferrer"" target=""_blank"">$69ff GOG-NR</a>)</p><ul><li>Zuweisung Entwurf an Ausschuss</li><li>Behandlung des Berichts des Ausschusses</li><li>Gesetzesbeschluss - benötigt entsprechende Quoren (einfaches Gesetz <a href=""https://www.jusline.at/gesetz/b-vg/paragraf/artikel31"" rel=""noopener noreferrer"" target=""_blank"">Art. 31 B-VG</a>, Verfassung <a href=""https://www.jusline.at/gesetz/b-vg/paragraf/artikel44"" rel=""noopener noreferrer"" target=""_blank"">Art. 44 Abs. 1 B-VG</a>)</li></ul>"
"<p><span style=""background-color: rgb(40, 45, 88); color: rgb(238, 236, 246);"">Bundesgesetzgebung: Behandlung im BR</span></p>","<p><strong>suspensives Veto</strong> (<a href=""https://www.jusline.at/gesetz/b-vg/paragraf/artikel42"" rel=""noopener noreferrer"" target=""_blank"">Art. 42 Abs. 2, 3 B-VG</a>): Begründeter Einspruch innerhalb von 8 Wochen</p><ul><li>NR kann mit <strong>Beharrungsbeschluss </strong>bei Präsenzquorum von 1/2 übergehen (<a href=""https://www.jusline.at/gesetz/b-vg/paragraf/artikel42"" rel=""noopener noreferrer"" target=""_blank"">Art. 42 Abs. 4 B-VG</a>)</li></ul><p><br></p><p><strong>absolutes Veto </strong>bei Einschränkung der Zuständigkeit der Länder <span style=""color: rgb(238, 236, 246); background-color: rgb(40, 45, 88);""> (Art 44. Abs. 2 B-VG)</span>, oder wenn Stellung des BR verändert wird <span style=""color: rgb(238, 236, 246); background-color: rgb(40, 45, 88);""> (Art 35. Abs. 4 B-VG) </span></p>"
"<p><span style=""background-color: rgb(40, 45, 88); color: rgb(238, 236, 246);"">Bundesgesetzgebung: Zustimmung der Länder (wenn erforderlich)</span></p>",<ul><li>BK muss betroffenen Länder Gesetzesbeschluss vorlegen</li><li>Landeshauptmann muss Zustimmung/Ablehnung innerhalb von 8 Wochen bekannt geben (Art. 42a B-VG)</li></ul>
"<p><span style=""background-color: rgb(40, 45, 88); color: rgb(238, 236, 246);"">Bundesgesetzgebung: Volksabstimmung</span></p>","<p><strong>fakultativ: </strong></p><ul><li>NR Mehrheit kann <span style=""background-color: rgb(40, 45, 88); color: rgb(238, 236, 246);"">Volksabstimmung für </span><strong style=""background-color: rgb(40, 45, 88); color: rgb(238, 236, 246);"">einfaches </strong><span style=""background-color: rgb(40, 45, 88); color: rgb(238, 236, 246);"">Gesetz fordern </span> (Art. 43 B-VG)</li><li>1/3 des NR oder BR kann <span style=""background-color: rgb(40, 45, 88); color: rgb(238, 236, 246);"">Volksabstimmung für </span><strong style=""background-color: rgb(40, 45, 88); color: rgb(238, 236, 246);"">Verfassungsgesetz </strong><span style=""background-color: rgb(40, 45, 88); color: rgb(238, 236, 246);"">fordern (Art. 44. Abs. 3 B-VG)</span></li></ul><p><strong>obligatorisch:</strong></p><ul><li>Verfassungsgesetze mit Gesamtänderung der Bundesverfassung (Art. 44 Abs. 3 B-VG)</li></ul>"
"<p><span style=""background-color: rgb(40, 45, 88); color: rgb(238, 236, 246);"">Bundesgesetzgebung: Beurkundung</span></p>","<p>(Art. 47 Abs 1,2,3 B-VG)</p><ul><li>BK legt BP Gesetzesbeschluss vor</li><li>BP unterzeichnet, dass das Verfahren verfassungsmäßig war</li><li>BK muss gegenzeichnen</li></ul>"
"<p><span style=""background-color: rgb(40, 45, 88); color: rgb(238, 236, 246);"">Bundesgesetzgebung: Kundmachung</span></p>",<ul><li>Abschluss des Gesetzgebungsverfahren</li><li>BK gibt Gesetze im Bundesgesetzblatt elektronisch kund</li><li>Geregelt in Bundesgesetzblattgesetz</li></ul>
<p>Legisvakanz</p>,"<p>Datum der Kundgebung und des Inkrafttretens unterschiedlich.</p><p><br></p><p><strong>Rückwirkung</strong> prinzipielle möglich, aber nicht bei Strafgesetzen.</p>"
<p>Untersuchungsrecht des Bundesparlaments</p>,"<p><strong style=""color: rgb(238, 236, 246); background-color: rgb(40, 45, 88);"">Enqueterecht </strong><span style=""color: rgb(238, 236, 246); background-color: rgb(40, 45, 88);"">(Art. 53 Abs. 1 B-VG)</span></p><ul><li>NR oder 1/4 der Mitglieder kann <strong>Untersuchungsausschuss </strong>zur Aufklärung bestimmter Vorgänge in der Verwaltung einsetzen,</li></ul>"
"<p>Fragerecht <span style=""background-color: rgb(40, 45, 88); color: rgb(238, 236, 246);"">des Bundesparlaments</span></p>","<p><strong>Interpellationsrecht </strong>(Art. 52 B-VG)</p><ul><li>Abgeordnete des NR/BR können zu allen Angelegenheiten der Verwaltung Fragen an die Regierung stellen, die diese beantworten muss,</li></ul>"
"<p>Entschließungsrecht <span style=""background-color: rgb(40, 45, 88); color: rgb(238, 236, 246);"">des Bundesparlaments</span></p>","<p><strong>Resolutionsrecht</strong> (Art. 52 Abs. 1 B-VG)</p><ul><li>NR/BR kann durch (rechtlich unverbindlichen) Beschluss der Regierung Hinweise geben, wie sie Gesetze vollziehen soll.</li></ul>"
<p>Misstrauensvotum</p>,<p>Art. 74 B-VG</p><ul><li>Einfache Mehrheit des NR kann einzelne Minister durch den BP entlassen</li><li>Benötigt keinen Grund</li></ul>
<p>Ministeranklage (und Folgen)</p>,<p>Art. 76 Art. 142 B-VG</p><ul><li>NR kann Mitglied der Regierung beim VfGH anzeigen</li><li>möglicher Amtsverlust oder zeitweiser Verlust der politischen Rechte</li><li>Anklage muss begründet sein</li></ul>
<p>Freies Mandat</p>,<p>Art. 56 B-VG</p><ul><li>theoretisch sind Abgeordnete in der Berufsausübung frei</li><li>Praktisch herrscht Klubzwang</li></ul>
<p><strong>berufliche </strong>Immunität der Abgeordneten</p>,"<p>Art. 57 Abs 1. B-VG</p><ul><li>Abstimmungs- und Redefreiheit im Parlament</li><li>Alles ist erlaubt, außer Verleumdung und Geheimnisverrat</li><li>Keine Gerichtliche Verfolgung (auch nicht zivilrechtlich)</li></ul>"
<p><strong>außerberufliche </strong>Immunität<strong> </strong>der Abgeordneten</p>,"<ul><li>kein Schutz vor Zivilrechtlicher Verfolgung</li><li>Zusammenhang mit politischer Tätigkeit: NR muss der Verfolgung zustimmen (<strong>Auslieferung</strong>, Art. 57 Abs. 2 B-VG)</li><li>Kein Zusammenhang mit politischer Tätigkeit: keine Zustimmung des NR notwendig, NR kann aber Einstellung des Verfahrens fordern (Art. 57 Abs. 3)</li></ul>"
<p>Inkompatibilität der Ämter</p>,"<p>Bestimmte Ämter können neben</p><ul><li>d<span style=""color: rgb(238, 236, 246); background-color: rgb(40, 45, 88);"">em Mandat </span>eines allgemeinen Vertretungskörpers</li><li>Mitglied des EU Parlaments</li><li>Mitglied der Regierung</li></ul><p>nicht ausgeübt werden.</p><p><br></p><ul><li>NR, BR und EU-Parlament schließen sich aus (Art. 59 B-VG)</li><li>Mandatar eines allg. Vertretungskörpers darf nicht <strong>BP </strong>(Art. 61 Abs. 1 iVm Art. 23b Abs. 3 B-VG), <strong>Rechnungshofpräsident </strong>(Art. 122 Abs. 5 B-VG), <strong>Volksanwalt </strong>(Art. 148g Abs. 5 B-VG) sein</li><li>Mitglied der Bundes/Landesregierung darf nicht Volksanwalt sein</li><li><span style=""color: rgb(238, 236, 246); background-color: rgb(40, 45, 88);"">Mandatar eines allg. Vertretungskörpers bzw. Regierungsmitglieder dürfen nicht </span><strong style=""color: rgb(238, 236, 246); background-color: rgb(40, 45, 88);"">Richter </strong><span style=""color: rgb(238, 236, 246); background-color: rgb(40, 45, 88);"">am </span><strong style=""color: rgb(238, 236, 246); background-color: rgb(40, 45, 88);"">OGH </strong><span style=""color: rgb(238, 236, 246); background-color: rgb(40, 45, 88);"">(Art. 92 Abs. 2 B-VG), bei einem </span><strong style=""color: rgb(238, 236, 246); background-color: rgb(40, 45, 88);"">VwG </strong><span style=""color: rgb(238, 236, 246); background-color: rgb(40, 45, 88);"">oder </span><strong style=""color: rgb(238, 236, 246); background-color: rgb(40, 45, 88);"">VwGH </strong><span style=""color: rgb(238, 236, 246); background-color: rgb(40, 45, 88);"">(Art. 134 Abs. 5 B-VG) oder </span><strong style=""color: rgb(238, 236, 246); background-color: rgb(40, 45, 88);"">VfGH </strong><span style=""color: rgb(238, 236, 246); background-color: rgb(40, 45, 88);"">(Art. 147 Abs. 4 B-VG)</span></li></ul>"
"<p>Landtag (Wahl, Auflösung, Abgeordnetenrechte und Einschränkungen, Tätigkeit)</p>","<ul><li>5-6 Jährige Legislaturperiode </li><li>Wahl</li><li class=""ql-indent-1"">Von Landesbürger gewählt (Art. 6 Abs. 2 B-VG)</li><li class=""ql-indent-1"">gleiche Wahlrechtsgrundsätze wie NR (Art. 95 Abs. 1 B-VG);</li><li class=""ql-indent-1"">Land darf Alter herab, aber nicht hinauf setzen (Art. 95 Abs. 2 B-VG)</li><li>BP kann Landtag auf Vorschlag der Bundesregierung mit Zustimmung des BR auflösen (Art. 100 Abs. 1 B-VG) oder Selbstauflösung</li><li>freies Mandat, Immunität, Inkompatibilität wie bei NR</li><li>B-VG enthält Grundsätze über Landesgesetzgebung, wird durch Landesgesetze genauer spezifiziert. </li></ul>"
<p>Weg der Landesgesetzgebung</p>,"<ul><li>Gesetzesbeschlüsse durch Landtag</li><li class=""ql-indent-1"">beurkundet, gegengezeichnet und durch LH kundgemacht (Landesgesetzblatt)</li><li class=""ql-indent-1"">Landesverfassungsgesetze: Präsenz 1/2, Konsens 2/3 (Art. 99 Abs. 2 B-VG)</li><li>Ist Zustimmung der Regierung notwendig, muss der LH vor Kundmachung dem Bundeskanzleramt bekannt geben<span style=""background-color: rgb(40, 45, 88); color: rgb(238, 236, 246);""> (Art. 97 Abs. 2 B-VG), </span>Regierung hat 8 Wochen für Ablehnung</li><li class=""ql-indent-1""><span style=""background-color: rgb(40, 45, 88); color: rgb(238, 236, 246);"">Bundesorgane sollen bei Vollziehung mitwirken (Art. 97 Abs. 2 B-VG)</span></li><li class=""ql-indent-1"">Ein eigenes Statut (Stadtrecht) betroffen ist (Art. 116 Abs. 3 B-VG)</li><li class=""ql-indent-1"">Änderung der Organisation der Behörden der allg. staatlichen Verwaltung in den Ländern (Art. 15 Abs. 10 B-VG)</li></ul>"
<p>Vertretung des Bundespräsidenten</p>,<ul><li>Kein Vizepräsident</li><li>bei Verhinderung: bis zu 20 Tage vom BK vertreten</li><li>dann: vertreten durch Präsidum des NR als Kollegialorgan (Art. 64 Abs. 1 B-VG)</li></ul>
"<p><span style=""background-color: rgb(40, 45, 88); color: rgb(238, 236, 246);"">Bundespräsidenten</span> und Gewaltenteilung</p>",<ul><li>Oberstes Organ der <strong>Verwaltung </strong>(Art. 19 Abs. 1 B-VG) aber <strong>nicht weisungsbefugt </strong>(das ist nur die Regierung).</li><li>BP ernennt und entlässt Regierung</li><li>Verwaltungsapparat des BP: <strong>Präsidentschaftskanzlei</strong></li><li>Verwaltungsakte des BP: Entschließungen</li></ul>
"<p>Wahl des <span style=""background-color: rgb(40, 45, 88); color: rgb(238, 236, 246);"">Bundespräsidenten</span></p>","<ul><li>umittelbar vom Bundesvolk für 6 Jahre gewählt</li><li>2. Periode einmalig zulässig (Art. 60 Abs. 5 B-VG)</li><li>Wahlrechtsgrundsätze wie bei NR (<span style=""background-color: rgb(40, 45, 88); color: rgb(238, 236, 246);"">Art. 60 Abs. 1 B-VG</span>)</li><li>Aktives Wahlrecht wie bei NR, passives mindestens 35 (Art. 60 Abs. 5 B-VG)</li><li>Hat im 1. Wahlgang kein Kandidat über 50%, gehen die 2 Kandidaten mit den meisten Stimmen in einen 2. Wahlgang (<span style=""background-color: rgb(40, 45, 88); color: rgb(238, 236, 246);"">Bundespräsidentenwahlgesetz</span>)</li></ul><p><br></p>"
<p>Absetzung des Bundespräsidenten</p>,"<ul><li>Bundesversammlung (einfache Mehrheit) kann auf Initiative des NR (2/3 Mehrheit) eine Volksabstimmung anordnen (<a href=""https://www.jusline.at/gesetz/b-vg/paragraf/artikel60"" rel=""noopener noreferrer"" target=""_blank"">Art. 60 Abs. 6 B-VG</a>)</li><li>Bundesversammlung kann BP (1/2 Präsenzquorum, 2/3 Konsensquorum)</li><li class=""ql-indent-1"">bei Verletzung der Verfassung beim VfGH anklagen (<a href=""https://www.jusline.at/gesetz/b-vg/paragraf/artikel142"" rel=""noopener noreferrer"" target=""_blank"">Art. 142 Abs. 2 lit. a B-VG</a>) anklagen</li><li class=""ql-indent-1"">Antrag auf Amtsverlust wenn BP Wählbarkeit verliert (<a href=""https://www.jusline.at/gesetz/b-vg/paragraf/artikel141"" rel=""noopener noreferrer"" target=""_blank"">Art. 141 Abs. 1 lit. d B-VG</a>)</li></ul>"
"<p><span style=""color: rgb(238, 236, 246); background-color: rgb(40, 45, 88);"">Bundespräsident: Bildung der Bundesregierung und Landesregierung </span></p>","<ul><li>Wichtigste Aufgabe Ernennung und Entlassung der Regierung</li><li>Ernennung des BK ohne Vorschlag (Art. 70 Abs. 1 B-VG)</li><li>Bundesminister und Staatssekretäre auf Vorschlag des BK ernannt <span style=""color: rgb(238, 236, 246); background-color: rgb(40, 45, 88);""> (Art. 70 Abs. 1 B-VG), aber nicht bindend: BP kann ablehnen</span></li><li>Bundesminister auf Vorschlag des BK entlassen, gesamte Regierung ohne Vorschlag. </li><li>BP gelobt Landeshauptmann an (Art. 101 Abs. 4 B-VG)</li></ul>"
<p>Bundespräsident: Gebundene Zuständigkeiten</p>,"<ul><li>Weitere Kompetenzen des BP auf Vorschlag der Regierung (Art.67 Abs. 1 B-VG), er muss Vorschläge aber nicht befolgen.</li><li class=""ql-indent-1"">Abschluss von Staatsverträgen (Art. 65 Abs. 1 B-VG)</li><li class=""ql-indent-1"">Außenvertretungsbefugnis (Art. 65 Abs. 1 B-VG)</li><li class=""ql-indent-1""><span style=""color: rgb(238, 236, 246); background-color: rgb(40, 45, 88);"">Oberbefehl über Bundesheer (Art. 80 Abs. 1 B-VG)</span></li><li class=""ql-indent-1""><span style=""color: rgb(238, 236, 246); background-color: rgb(40, 45, 88);"">Auflösung des NR (Art. 29 Abs. 1 B-VG)</span></li><li class=""ql-indent-1""><span style=""color: rgb(238, 236, 246); background-color: rgb(40, 45, 88);"">Auflösung eines Landtags mit Zustimmung des BR (Art .100 Abs. 1 B-VG)</span></li><li class=""ql-indent-1""><span style=""color: rgb(238, 236, 246); background-color: rgb(40, 45, 88);"">Ernennung der Bundesbeamten</span></li><li class=""ql-indent-1""><span style=""color: rgb(238, 236, 246); background-color: rgb(40, 45, 88);"">Begnadigungen (Art. 65 Abs. 2 lit. c B-VG)</span></li><li class=""ql-indent-1""><span style=""color: rgb(238, 236, 246); background-color: rgb(40, 45, 88);"">Notverordnungsrecht (Art. 18 Abs. 3-5 B-VG)</span></li><li><span style=""color: rgb(238, 236, 246); background-color: rgb(40, 45, 88);"">Kann einzelne Aufgaben an Regierung delegieren</span></li></ul>"
